"Player","Team","Season","Yr","Pos","GP","FR","Blocks","FF","FGs.Blocked","FGM.18.19","FGA.18.19","FGM.20.29","FGA.20.29","FGM.30.39","FGA.30.39","FGM.40.49","FGA.40.49","FGM.50.59","FGA.50.59","KO","KO.Yds","KO.TB","KO.Ret","Kick.Ret.TD","KO.Ret.Yds","PBU","Int","Pass.Att","Pass.Comp","Int.Thrown","Pass.Yds","Pass.TD","Punt.Ret","Punt.Ret.TD","Punt.Ret.Yds","Punts.I20","Punts","Punt.Yds","Punt.TB","Rec","Rec.Yds","Rec.TD","Rush.Att","Rush.Yds","Rush.Yds.Gn","Rush.Yds.Ls","Rush.TD","Sack","Sack.Yds","Safeties","Solo.Tackles","Asst.Tackles","TFL","TFL.Yds"
"Burnett, Dylan","Rensselaer","2019","Sophomore","RB",11,0,0,0,0,0,0,0,0,0,0,0,0,0,0,0,0,0,0,0,0,0,0,0,0,0,0,0,0,0,0,0,0,0,0,13,101,0,79,403,414,11,5,0,0,0,0,1,0,0
"Scaglione, Joe","Rensselaer","2019","Sophomore","RB",11,0,0,0,0,0,0,0,0,0,0,0,0,0,0,0,0,0,0,0,0,0,0,0,0,0,0,0,0,0,0,0,0,0,0,9,65,1,79,380,398,18,1,0,0,0,0,1,0,0
"Munoz Whatts, Delano","Rensselaer","2019","Senior","SR",10,0,0,0,0,0,0,0,0,0,0,0,0,0,0,0,0,0,26,0,535,0,0,0,0,0,0,0,0,1,1,0,0,0,0,7,38,0,33,148,153,5,1,0,0,0,1,0,0,0
"Meislahn, Marc","Rensselaer","2019","Senior","SR",11,0,0,0,0,0,0,0,0,0,0,0,0,0,0,0,0,0,0,0,0,0,0,2,0,0,0,0,0,0,0,0,0,0,0,41,425,4,38,118,125,7,6,0,0,0,0,0,0,0
"Lombardi, Peter","Rensselaer","2019","Sophomore","SR",11,0,0,0,0,0,0,0,0,0,0,0,0,0,0,0,0,0,2,0,28,0,0,1,0,0,0,0,5,0,4,0,0,0,0,39,453,5,17,112,120,8,2,0,0,0,2,0,0,0
"Merkel, Spencer","Rensselaer","2019","Sophomore","RB",6,0,0,1,0,0,0,0,0,0,0,0,0,0,0,0,0,0,0,0,0,0,0,0,0,0,0,0,0,0,0,0,0,0,0,3,21,1,29,101,109,8,0,0,0,0,1,1,0,0
"Colina, Angel","Rensselaer","2019","Junior","RB",3,0,0,0,0,0,0,0,0,0,0,0,0,0,0,0,0,0,0,0,0,0,0,0,0,0,0,0,0,0,0,0,0,0,0,1,2,0,5,31,31,0,0,0,0,0,0,0,0,0
"Kelly, Maliek","Rensselaer","2019","Senior","SR",11,0,0,0,0,0,0,0,0,0,0,0,0,0,0,0,0,0,0,0,0,0,0,1,1,0,12,1,0,0,0,0,0,0,0,19,127,0,6,31,31,0,1,0,0,0,0,0,0,0
"Fallon, Jack","Rensselaer","2019","Senior","LB",11,1,0,0,0,0,0,0,0,0,0,0,0,0,0,0,0,0,0,0,0,0,0,0,0,0,0,0,0,0,0,0,0,0,0,0,0,0,1,25,25,0,0,0,0,0,16,23,1.5,2
"Gulia, Mike","Rensselaer","2019","Sophomore","SR",2,0,0,0,0,0,0,0,0,0,0,0,0,0,0,0,0,0,0,0,0,0,0,0,0,0,0,0,0,0,0,0,0,0,0,0,0,0,1,16,16,0,0,0,0,0,0,0,0,0
"Avery, Tommy","Rensselaer","2019","Senior","SR",8,0,0,0,0,0,0,0,0,0,0,0,0,0,0,0,0,0,0,0,0,0,0,0,0,0,0,0,0,0,0,0,0,0,0,8,72,1,3,12,13,1,0,0,0,0,0,0,0,0
"Isernia, Rett","Rensselaer","2019","Sophomore","RB",1,0,0,0,0,0,0,0,0,0,0,0,0,0,0,0,0,0,0,0,0,0,0,0,0,0,0,0,0,0,0,0,0,0,0,0,0,0,4,10,13,3,0,0,0,0,1,0,0,0
"Todd, Bryce","Rensselaer","2019","Senior","SR",8,0,0,0,0,0,0,0,0,0,0,0,0,0,0,0,0,0,0,0,0,0,0,0,0,0,0,0,0,0,0,0,0,0,0,11,72,1,3,8,10,2,0,0,0,0,0,1,0,0
"White, Evan","Rensselaer","2019","Sophomore","SR",1,0,0,0,0,0,0,0,0,0,0,0,0,0,0,0,0,0,0,0,0,0,0,0,0,0,0,0,0,0,0,0,0,0,0,0,0,0,1,5,5,0,0,0,0,0,0,0,0,0
"Kondras, Danny","Rensselaer","2019","Freshman","SR",1,0,0,0,0,0,0,0,0,0,0,0,0,0,0,0,0,0,0,0,0,0,0,0,0,0,0,0,0,0,0,0,0,0,0,0,0,0,1,-1,0,1,0,0,0,0,0,0,0,0
"Cribb, Lawson","Rensselaer","2019","Sophomore","QB",3,0,0,0,0,0,0,0,0,0,0,0,0,0,0,0,0,0,0,0,0,0,0,6,1,1,4,0,0,0,0,0,0,0,0,0,0,0,2,-2,3,5,0,0,0,0,0,0,0,0
"Smith, Dillon","Rensselaer","2019","Junior","SR",2,0,0,0,0,0,0,0,0,0,0,0,0,0,0,0,0,0,0,0,0,0,0,0,0,0,0,0,0,0,0,0,0,0,0,0,0,0,1,-3,0,3,0,0,0,0,0,0,0,0
"Petercuskie, Matt","Rensselaer","2019","Freshman","QB",6,0,0,0,0,0,0,0,0,0,0,0,0,0,0,0,0,0,0,0,0,0,0,0,0,0,0,0,0,0,0,0,0,0,0,0,0,0,1,-5,0,5,0,0,0,0,1,1,0,0
"McDonald, Vinnie","Rensselaer","2019","Junior","WR",11,0,0,0,0,0,0,0,0,0,0,0,0,0,0,0,0,0,0,0,0,0,0,3,2,0,108,0,0,0,0,0,0,0,0,36,444,6,1,-6,0,6,0,0,0,0,0,0,0,0
"Bodine, Jacob","Rensselaer","2019","Junior","QB",7,0,0,0,0,0,0,0,0,0,0,0,0,0,0,0,0,0,0,0,0,0,0,3,1,0,2,0,0,0,0,0,0,0,0,0,0,0,1,-8,0,8,0,0,0,0,0,0,0,0
"Marinopoulos, George","Rensselaer","2019","Junior","QB",11,0,0,0,0,0,0,0,0,0,0,0,0,0,0,0,0,0,0,0,0,0,0,361,232,7,2356,23,0,0,0,0,0,0,0,0,0,0,46,-14,124,138,1,0,0,0,0,0,0,0
"Montrief, Zac","Rensselaer","2019","Junior","P",11,0,0,0,0,0,0,0,0,0,0,0,0,0,0,0,0,0,0,0,0,0,0,1,0,0,0,0,0,0,0,19,58,2022,1,0,0,0,0,0,0,0,0,0,0,0,0,0,0,0
"Smith, Nick","Rensselaer","2019","Senior","WR",11,0,0,0,0,0,0,0,0,0,0,0,0,0,0,0,0,0,0,0,0,0,0,0,0,0,0,0,0,0,0,0,0,0,0,27,290,2,0,0,0,0,0,0,0,0,4,0,0,0
"Walker-Sutton, Sterling","Rensselaer","2019","Freshman","WR",11,0,0,0,0,0,0,0,0,0,0,0,0,0,0,0,0,0,7,0,144,0,0,0,0,0,0,0,0,0,0,0,0,0,0,11,182,2,0,0,0,0,0,0,0,0,0,3,0,0
"DeCicco, Dennis","Rensselaer","2019","Junior","WR",10,1,0,0,0,0,0,0,0,0,0,0,0,0,0,0,0,0,0,0,0,0,0,0,0,0,0,0,0,0,0,0,0,0,0,5,121,0,0,0,0,0,0,0,0,0,2,0,0,0
"Palmer, D.J.","Rensselaer","2019","Sophomore","WR",7,0,0,0,0,0,0,0,0,0,0,0,0,0,0,0,0,0,0,0,0,0,0,0,0,0,0,0,0,0,0,0,0,0,0,6,65,1,0,0,0,0,0,0,0,0,0,0,0,0
"Conboy, Riley","Rensselaer","2019","Junior","SR",10,0,0,0,0,0,0,0,0,0,0,0,0,0,0,0,0,0,0,0,0,0,0,0,0,0,0,0,0,0,0,0,0,0,0,1,4,0,0,0,0,0,0,0,0,0,0,0,0,0
"Rogliano, Antonio","Rensselaer","2019","Junior","DL",11,0,0,1,0,0,0,0,0,0,0,0,0,0,0,0,0,0,0,0,0,1,0,0,0,0,0,0,0,0,0,0,0,0,0,0,0,0,0,0,0,0,0,4.5,18,0,13,11,6,22
"Konkwo, Amaechi","Rensselaer","2019","Junior","DL",11,1,2,2,0,0,0,0,0,0,0,0,0,0,0,0,0,0,0,0,0,2,0,0,0,0,0,0,0,0,0,0,0,0,0,0,0,0,0,0,0,0,0,3.5,25,0,12,14,9,55
"Banaitis, Andrew","Rensselaer","2019","Senior","DL",11,0,0,0,0,0,0,0,0,0,0,0,0,0,0,0,0,0,0,0,0,0,0,0,0,0,0,0,0,0,0,0,0,0,0,0,0,0,0,0,0,0,0,3,28,0,17,17,5,32
"Wamble, Magnus","Rensselaer","2019","Junior","DL",10,0,0,1,0,0,0,0,0,0,0,0,0,0,0,0,0,0,0,0,0,3,0,0,0,0,0,0,0,0,0,0,0,0,0,0,0,0,0,0,0,0,0,2.5,12,0,21,20,7.5,38
"Deptula, Joe","Rensselaer","2019","Sophomore","LB",11,0,1,2,0,0,0,0,0,0,0,0,0,0,0,0,0,0,0,0,0,2,1,0,0,0,0,0,1,0,28,0,0,0,0,0,0,0,0,0,0,0,0,2,13,0,24,17,6,22
"Schumaker, CJ","Rensselaer","2019","Freshman","DL",9,1,0,0,0,0,0,0,0,0,0,0,0,0,0,0,0,0,0,0,0,0,0,0,0,0,0,0,0,0,0,0,0,0,0,0,0,0,0,0,0,0,0,2,26,0,10,6,3,29
"Cohen, Josh","Rensselaer","2019","Sophomore","DL",10,0,0,0,0,0,0,0,0,0,0,0,0,0,0,0,0,0,0,0,0,0,1,0,0,0,0,0,0,0,0,0,0,0,0,0,0,0,0,0,0,0,0,1.5,9,0,7,16,2,10
"Sadak, John","Rensselaer","2019","Senior","LB",11,0,0,2,0,0,0,0,0,0,0,0,0,0,0,0,0,0,0,0,0,2,1,0,0,0,0,0,0,0,0,0,0,0,0,0,0,0,0,0,0,0,0,1,6,0,40,34,4.5,13
"Ahern, Conor","Rensselaer","2019","Junior","DL",9,0,0,0,0,0,0,0,0,0,0,0,0,0,0,0,0,0,0,0,0,2,1,0,0,0,0,0,0,0,0,0,0,0,0,0,0,0,0,0,0,0,0,1,3,0,6,9,2.5,4
"Hazard, Alec","Rensselaer","2019","Senior","DL",9,0,0,1,0,0,0,0,0,0,0,0,0,0,0,0,0,0,0,0,0,0,0,0,0,0,0,0,0,0,0,0,0,0,0,0,0,0,0,0,0,0,0,1,0,0,5,5,1,2
"Tragni, Grant","Rensselaer","2019","Senior","LB",11,0,0,0,0,0,0,0,0,0,0,0,0,0,0,0,0,0,0,0,0,1,2,0,0,0,0,0,0,0,0,0,0,0,0,0,0,0,0,0,0,0,0,0,0,0,22,28,0.5,1
"Battle, Blake","Rensselaer","2019","Sophomore","DB",11,0,1,0,0,0,0,0,0,0,0,0,0,0,0,0,0,0,0,0,0,12,2,0,0,0,0,0,1,0,23,0,0,0,0,0,0,0,0,0,0,0,0,0,0,0,26,4,0,0
"Gomes, Chris","Rensselaer","2019","Sophomore","DB",10,0,0,0,0,0,0,0,0,0,0,0,0,0,0,0,0,0,0,0,0,2,1,0,0,0,0,0,0,0,0,0,0,0,0,0,0,0,0,0,0,0,0,0,0,0,5,6,2,5
"Samuels, Kyle","Rensselaer","2019","Junior","DB",3,0,1,0,0,0,0,0,0,0,0,0,0,0,0,0,0,0,1,0,29,1,1,0,0,0,0,0,0,0,0,0,0,0,0,0,0,0,0,0,0,0,0,0,0,0,4,4,1.5,8
"Guiasola, Andres","Rensselaer","2019","Senior","DB",1,0,0,0,0,0,0,0,0,0,0,0,0,0,0,0,0,0,0,0,0,0,1,0,0,0,0,0,0,0,0,0,0,0,0,0,0,0,0,0,0,0,0,0,0,0,1,1,0,0
"McGrath, Cole","Rensselaer","2019","Sophomore","LB",7,0,0,1,0,0,0,0,0,0,0,0,0,0,0,0,0,0,0,0,0,1,0,0,0,0,0,0,0,0,0,0,0,0,0,0,0,0,0,0,0,0,0,0,0,0,4,5,1,1
"Critchlow, Ethan","Rensselaer","2019","Freshman","DL",3,0,0,1,0,0,0,0,0,0,0,0,0,0,0,0,0,0,0,0,0,0,0,0,0,0,0,0,0,0,0,0,0,0,0,0,0,0,0,0,0,0,0,0,0,0,1,0,0,0
"Charles, Austin","Rensselaer","2019","Junior","LB",11,2,0,0,0,0,0,0,0,0,0,0,0,0,0,0,0,0,0,0,0,0,0,0,0,0,0,0,0,0,0,0,0,0,0,0,0,0,0,0,0,0,0,0,0,0,16,22,0.5,1
"Clement, Darnell","Rensselaer","2019","Junior","DB",6,1,0,0,0,0,0,0,0,0,0,0,0,0,0,0,0,0,0,0,0,1,0,0,0,0,0,0,0,0,0,0,0,0,0,0,0,0,0,0,0,0,0,0,0,0,4,5,0.5,1
"Skivington, Ryan","Rensselaer","2019","Junior","DB",7,1,0,0,0,0,0,0,0,0,0,0,0,0,0,0,0,0,0,0,0,2,0,0,0,0,0,0,0,0,0,0,0,0,0,0,0,0,0,0,0,0,0,0,0,0,1,2,0,0
"Gutowski, Joey","Rensselaer","2019","Senior","DB",11,0,1,0,0,0,0,0,0,0,0,0,0,0,0,0,0,0,0,0,0,7,0,0,0,0,0,0,0,0,0,0,0,0,0,0,0,0,0,0,0,0,0,0,0,0,26,20,2.5,2
"Perry, Francis","Rensselaer","2019","Junior","DB",11,0,0,0,0,0,0,0,0,0,0,0,0,0,0,0,0,0,0,0,0,3,0,0,0,0,0,0,0,0,0,0,0,0,0,0,0,0,0,0,0,0,0,0,0,0,25,5,0,0
"Guisasola, Andres","Rensselaer","2019","Senior","DB",7,0,0,0,0,0,0,0,0,0,0,0,0,0,0,0,0,0,0,0,0,0,0,0,0,0,0,0,0,0,0,0,0,0,0,0,0,0,0,0,0,0,0,0,0,0,22,6,3,5
"Anderson, Marc","Rensselaer","2019","Junior","DL",11,0,0,0,0,0,0,0,0,0,0,0,0,0,0,0,0,0,0,0,0,2,0,0,0,0,0,0,0,0,0,0,0,0,0,0,0,0,0,0,0,0,0,0,0,0,3,12,0.5,1
"Davis, Carlos","Rensselaer","2019","Freshman","DB",10,0,0,0,0,0,0,0,0,0,0,0,0,0,0,0,0,0,0,0,0,5,0,0,0,0,0,0,0,0,0,0,0,0,0,0,0,0,0,0,0,0,0,0,0,0,10,4,0,0
"Sheehy, Liam","Rensselaer","2019","Junior","LB",10,0,0,0,0,0,0,0,0,0,0,0,0,0,0,0,0,0,0,0,0,0,0,0,0,0,0,0,0,0,0,0,0,0,0,0,0,0,0,0,0,0,0,0,0,0,8,4,0,0
"Younginer, Cam","Rensselaer","2019","Sophomore","LB",4,0,0,0,0,0,0,0,0,0,0,0,0,0,0,0,0,0,0,0,0,0,0,0,0,0,0,0,0,0,0,0,0,0,0,0,0,0,0,0,0,0,0,0,0,0,5,6,1,1
"Lednyak, Sam","Rensselaer","2019","Senior","DL",6,0,0,0,0,0,0,0,0,0,0,0,0,0,0,0,0,0,0,0,0,0,0,0,0,0,0,0,0,0,0,0,0,0,0,0,0,0,0,0,0,0,0,0,0,0,2,6,0,0
"Brockdorff, Spencer","Rensselaer","2019","Freshman","DB",3,0,0,0,0,0,0,0,0,0,0,0,0,0,0,0,0,0,0,0,0,0,0,0,0,0,0,0,0,0,0,0,0,0,0,0,0,0,0,0,0,0,0,0,0,0,3,3,0,0
"Vigeant, Lou","Rensselaer","2019","Freshman","DL",2,0,0,0,0,0,0,0,0,0,0,0,0,0,0,0,0,0,0,0,0,0,0,0,0,0,0,0,0,0,0,0,0,0,0,0,0,0,0,0,0,0,0,0,0,0,1,5,0,0
"Naughton, Patrick","Rensselaer","2019","Junior","LB",4,0,0,0,0,0,0,0,0,0,0,0,0,0,0,0,0,0,0,0,0,0,0,0,0,0,0,0,0,0,0,0,0,0,0,0,0,0,0,0,0,0,0,0,0,0,1,4,0,0
"Leblo, Jimmy","Rensselaer","2019","Freshman","SR",9,0,0,0,0,0,0,0,0,0,0,0,0,0,0,0,0,0,0,0,0,0,0,0,0,0,0,0,0,0,0,0,0,0,0,0,0,0,0,0,0,0,0,0,0,0,2,2,0,0
"Lyons, C.J.","Rensselaer","2019","Sophomore","DB",2,0,0,0,0,0,0,0,0,0,0,0,0,0,0,0,0,0,0,0,0,0,0,0,0,0,0,0,0,0,0,0,0,0,0,0,0,0,0,0,0,0,0,0,0,0,4,0,0,0
"Green, Deion","Rensselaer","2019","Freshman","DB",2,0,0,0,0,0,0,0,0,0,0,0,0,0,0,0,0,0,0,0,0,0,0,0,0,0,0,0,0,0,0,0,0,0,0,0,0,0,0,0,0,0,0,0,0,0,1,2,0,0
"Hall, Damien","Rensselaer","2019","Senior","DL",2,0,0,0,0,0,0,0,0,0,0,0,0,0,0,0,0,0,0,0,0,0,0,0,0,0,0,0,0,0,0,0,0,0,0,0,0,0,0,0,0,0,0,0,0,0,1,2,0.5,1
"Jones, Tre","Rensselaer","2019","Sophomore","DB",5,0,0,0,0,0,0,0,0,0,0,0,0,0,0,0,0,0,0,0,0,2,0,0,0,0,0,0,0,0,0,0,0,0,0,0,0,0,0,0,0,0,0,0,0,0,3,0,0,0
"Neri, Mark","Rensselaer","2019","Sophomore","DB",3,0,0,0,0,0,0,0,0,0,0,0,0,0,0,0,0,0,0,0,0,0,0,0,0,0,0,0,0,0,0,0,0,0,0,0,0,0,0,0,0,0,0,0,0,0,2,1,0,0
"DeCicco, Jeff","Rensselaer","2019","Freshman","DB",1,0,0,0,0,0,0,0,0,0,0,0,0,0,0,0,0,0,0,0,0,0,0,0,0,0,0,0,0,0,0,0,0,0,0,0,0,0,0,0,0,0,0,0,0,0,1,1,1,3
"Kolar, Aidan","Rensselaer","2019","Sophomore","DL",4,0,0,0,0,0,0,0,0,0,0,0,0,0,0,0,0,0,0,0,0,0,0,0,0,0,0,0,0,0,0,0,0,0,0,0,0,0,0,0,0,0,0,0,0,0,1,1,1,1
"Leveroni, Cal","Rensselaer","2019","Freshman","OL",8,0,0,0,0,0,0,0,0,0,0,0,0,0,0,0,0,0,0,0,0,0,0,0,0,0,0,0,0,0,0,0,0,0,0,0,0,0,0,0,0,0,0,0,0,0,1,1,1,2
"Noyes, Conner","Rensselaer","2019","Freshman","LB",1,0,0,0,0,0,0,0,0,0,0,0,0,0,0,0,0,0,0,0,0,0,0,0,0,0,0,0,0,0,0,0,0,0,0,0,0,0,0,0,0,0,0,0,0,0,2,0,0,0
"Popolizio, Nick","Rensselaer","2019","Freshman","LB",2,0,0,0,0,0,0,0,0,0,0,0,0,0,0,0,0,0,0,0,0,0,0,0,0,0,0,0,0,0,0,0,0,0,0,0,0,0,0,0,0,0,0,0,0,0,0,2,0,0
"Robinson, Steve","Rensselaer","2019","Sophomore","DL",3,0,0,0,0,0,0,0,0,0,0,0,0,0,0,0,0,0,0,0,0,0,0,0,0,0,0,0,0,0,0,0,0,0,0,0,0,0,0,0,0,0,0,0,0,0,1,1,0,0
"Guitian, Zavien","Rensselaer","2019","Freshman","OL",1,0,0,0,0,0,0,0,0,0,0,0,0,0,0,0,0,0,0,0,0,0,0,0,0,0,0,0,0,0,0,0,0,0,0,0,0,0,0,0,0,0,0,0,0,0,0,1,0.5,1
"Krishnan, Sanjay","Rensselaer","2019","Junior","K",11,0,0,0,0,0,0,2,4,4,4,0,0,0,0,57,3039,16,0,0,0,0,0,0,0,0,0,0,0,0,0,0,0,0,0,0,0,0,0,0,0,0,0,0,0,0,1,0,0,0
"Leary, Owen","Rensselaer","2019","Freshman","DB",3,0,0,0,0,0,0,0,0,0,0,0,0,0,0,0,0,0,0,0,0,0,0,0,0,0,0,0,0,0,0,0,0,0,0,0,0,0,0,0,0,0,0,0,0,0,1,0,0,0
"Montesano, Dean","Rensselaer","2019","Sophomore","DB",7,0,0,0,0,0,0,0,0,0,0,0,0,0,0,0,0,0,0,0,0,0,0,0,0,0,0,0,0,0,0,0,0,0,0,0,0,0,0,0,0,0,0,0,0,0,1,0,0,0
"Spellman, Matt","Rensselaer","2019","Sophomore","SR",0,0,0,0,0,0,0,0,0,0,0,0,0,0,0,0,0,0,3,0,39,0,0,0,0,0,0,0,8,0,17,0,0,0,0,0,0,0,0,0,0,0,0,0,0,0,0,0,0,0
"Burnett, Dylan","Rensselaer","2021","Senior","RB",11,0,0,0,0,0,0,0,0,0,0,0,0,0,0,0,0,0,0,0,0,0,0,0,0,0,0,0,0,0,0,0,0,0,0,7,74,0,139,517,573,56,3,0,0,0,0,0,0,0
"Munoz Whatts, Delano","Rensselaer","2021","Graduate","RB",11,0,0,0,0,0,0,0,0,0,0,0,0,0,0,0,0,0,5,0,105,0,0,0,0,0,0,0,0,0,0,0,0,0,0,19,99,1,117,512,524,12,1,0,0,0,0,0,0,0
"Merkel, Spencer","Rensselaer","2021","Senior","RB",5,0,0,0,0,0,0,0,0,0,0,0,0,0,0,0,0,0,0,0,0,0,0,0,0,0,0,0,0,0,0,0,0,0,0,1,10,0,15,130,135,5,0,0,0,0,0,0,0,0
"Buckley, Cristian","Rensselaer","2021","Freshman","RB",5,0,0,0,0,0,0,0,0,0,0,0,0,0,0,0,0,0,1,0,10,0,0,0,0,0,0,0,0,0,0,0,0,0,0,1,1,0,16,73,80,7,0,0,0,0,0,0,0,0
"Lombardi, Peter","Rensselaer","2021","Senior","SR",12,0,0,0,0,0,0,0,0,0,0,0,0,0,0,0,0,0,10,0,200,0,0,0,0,0,0,0,0,0,0,0,0,0,0,72,674,8,14,43,50,7,0,0,0,0,0,0,0,0
"Connelly, Jon","Rensselaer","2021","Freshman","RB",3,0,0,0,0,0,0,0,0,0,0,0,0,0,0,0,0,0,0,0,0,1,0,0,0,0,0,0,0,0,0,0,0,0,0,1,2,0,6,20,27,7,0,0,0,0,0,0,0,0
"Kazanowsky, Jake","Rensselaer","2021","Freshman","QB",2,0,0,0,0,0,0,0,0,0,0,0,0,0,0,0,0,0,0,0,0,0,0,1,1,0,31,1,0,0,0,0,0,0,0,0,0,0,4,18,18,0,0,0,0,0,0,0,0,0
"Smith, Dillon","Rensselaer","2021","Graduate","SR",1,0,0,0,0,0,0,0,0,0,0,0,0,0,0,0,0,0,0,0,0,0,0,0,0,0,0,0,0,0,0,0,0,0,0,0,0,0,1,18,18,0,0,0,0,0,0,0,0,0
"Colina, Angel","Rensselaer","2021","Graduate","RB",1,0,0,0,0,0,0,0,0,0,0,0,0,0,0,0,0,0,0,0,0,0,0,0,0,0,0,0,0,0,0,0,0,0,0,0,0,0,5,14,15,1,0,0,0,0,0,0,0,0
"Gulia, Mike","Rensselaer","2021","Senior","SR",5,0,0,0,0,0,0,0,0,0,0,0,0,0,0,0,0,0,0,0,0,0,0,0,0,0,0,0,0,0,0,0,0,0,0,0,0,0,2,12,12,0,0,0,0,0,0,0,0,0
"Isernia, Rett","Rensselaer","2021","Senior","RB",1,0,0,0,0,0,0,0,0,0,0,0,0,0,0,0,0,0,0,0,0,0,0,0,0,0,0,0,0,0,0,0,0,0,0,0,0,0,3,5,5,0,0,0,0,0,0,0,0,0
"MacDougall, Conor","Rensselaer","2021","Senior","K",9,0,0,1,0,0,0,2,2,0,1,0,0,0,0,35,1669,0,0,0,0,0,0,0,0,0,0,0,0,0,0,0,0,0,0,0,0,0,1,5,5,0,0,0,0,0,1,0,0,0
"Walker-Sutton, Sterling","Rensselaer","2021","Junior","WR",12,0,0,0,0,0,0,0,0,0,0,0,0,0,0,0,0,0,18,0,361,0,0,0,0,0,0,0,0,0,0,0,0,0,0,32,421,3,1,3,3,0,0,0,0,0,1,0,0,0
"Petercuskie, Matt","Rensselaer","2021","Junior","QB",7,0,0,0,0,0,0,0,0,0,0,0,0,0,0,0,0,0,0,0,0,0,0,17,7,0,86,1,0,0,0,0,0,0,0,0,0,0,9,2,12,10,0,0,0,0,1,0,0,0
"Cohen, Josh","Rensselaer","2021","Senior","DL",11,0,0,2,0,0,0,0,0,0,0,0,0,0,0,0,0,0,0,0,0,0,0,0,0,0,0,0,0,0,0,0,0,0,0,0,0,0,1,1,1,0,0,3,18,0,24,28,6,23
"Montrief, Zac","Rensselaer","2021","Graduate","P",12,0,0,0,0,0,0,0,0,0,0,0,0,0,0,2,90,0,0,0,0,0,0,0,0,0,0,0,0,0,0,22,67,2489,3,0,0,0,1,-1,0,1,0,0,0,0,0,0,0,0
"McDonald, Vinnie","Rensselaer","2021","Graduate","WR",10,0,0,0,0,0,0,0,0,0,0,0,0,0,0,0,0,0,0,0,0,0,0,1,1,0,19,1,0,0,0,0,0,0,0,44,628,9,4,-14,3,17,0,0,0,0,0,0,0,0
"Marinopoulos, George","Rensselaer","2021","Graduate","QB",13,0,0,0,0,0,0,0,0,0,0,0,0,0,0,0,0,0,0,0,0,0,0,345,220,8,2441,29,0,0,0,0,0,0,0,0,0,0,66,-169,71,240,1,0,0,0,0,0,0,0
"Goldsmith, Gil","Rensselaer","2021","Junior","SR",10,0,0,0,0,0,0,0,0,0,0,0,0,0,0,0,0,0,0,0,0,0,0,1,0,0,0,0,0,0,0,0,0,0,0,2,16,1,0,0,0,0,0,0,0,0,0,3,0,0
"Conboy, Riley","Rensselaer","2021","Graduate","WR",10,0,0,0,0,0,0,0,0,0,0,0,0,0,0,0,0,0,0,0,0,0,0,0,0,0,0,0,0,0,0,0,0,0,0,15,179,3,0,0,0,0,0,0,0,0,0,0,0,0
"Palmer, D.J.","Rensselaer","2021","Senior","WR",9,0,0,0,0,0,0,0,0,0,0,0,0,0,0,0,0,0,0,0,0,0,0,0,0,0,0,0,0,0,0,0,0,0,0,10,174,4,0,0,0,0,0,0,0,0,0,0,0,0
"Ninche, Deen","Rensselaer","2021","Junior","WR",7,0,0,0,0,0,0,0,0,0,0,0,0,0,0,0,0,0,0,0,0,0,0,0,0,0,0,0,0,0,0,0,0,0,0,8,152,1,0,0,0,0,0,0,0,0,0,1,0,0
"Allison, Shane","Rensselaer","2021","Freshman","TE",7,0,0,0,0,0,0,0,0,0,0,0,0,0,0,0,0,0,0,0,0,0,0,0,0,0,0,0,0,0,0,0,0,0,0,4,51,0,0,0,0,0,0,0,0,0,0,0,0,0
"Schrader, Kenny","Rensselaer","2021","Graduate","TE",6,0,0,0,0,0,0,0,0,0,0,0,0,0,0,0,0,0,0,0,0,0,0,0,0,0,0,0,0,0,0,0,0,0,0,3,34,1,0,0,0,0,0,0,0,0,1,1,0.5,5
"Foney, John","Rensselaer","2021","Junior","WR",2,0,0,0,0,0,0,0,0,0,0,0,0,0,0,0,0,0,0,0,0,0,0,0,0,0,0,0,0,0,0,0,0,0,0,1,3,0,0,0,0,0,0,0,0,0,1,0,0,0
"Charles, Austin","Rensselaer","2021","Graduate","LB",12,0,0,0,0,0,0,0,0,0,0,0,0,0,0,0,0,0,0,0,0,2,0,0,0,0,0,0,0,0,0,0,0,0,0,0,0,0,0,0,0,0,0,1,9,0,34,45,1,9
"Deptula, Joe","Rensselaer","2021","Senior","LB",12,1,0,1,0,0,0,0,0,0,0,0,0,0,0,0,0,0,0,0,0,2,0,0,0,0,0,0,0,0,0,0,0,0,0,0,0,0,0,0,0,0,0,2,17,0,31,40,9,33
"McGrath, Cole","Rensselaer","2021","Senior","LB",12,1,0,0,0,0,0,0,0,0,0,0,0,0,0,0,0,0,0,0,0,0,1,0,0,0,0,0,0,0,0,0,0,0,0,0,0,0,0,0,0,0,0,0,0,0,38,33,3,5
"Ahern, Conor","Rensselaer","2021","Graduate","DL",13,0,0,1,0,0,0,0,0,0,0,0,0,0,0,0,0,0,0,0,0,2,0,0,0,0,0,0,0,0,0,0,0,0,0,0,0,0,0,0,0,0,0,1,10,0,20,45,1,10
"Noyes, Conner","Rensselaer","2021","Junior","LB",13,0,0,1,0,0,0,0,0,0,0,0,0,0,0,0,0,0,0,0,0,1,1,0,0,0,0,0,0,0,0,0,0,0,0,0,0,0,0,0,0,0,0,1,8,0,27,28,5,16
"Sicard, Nate","Rensselaer","2021","Freshman","DL",12,0,0,0,0,0,0,0,0,0,0,0,0,0,0,0,0,0,0,0,0,0,0,0,0,0,0,0,0,0,0,0,0,0,0,0,0,0,0,0,0,0,0,4,24,0,28,27,6,27
"Lyons, C.J.","Rensselaer","2021","Senior","DB",13,0,0,2,0,0,0,0,0,0,0,0,0,0,0,0,0,0,0,0,0,6,0,0,0,0,0,0,0,0,0,0,0,0,0,0,0,0,0,0,0,0,0,0,0,0,36,16,0.5,0
"Younginer, Cam","Rensselaer","2021","Senior","LB",11,1,0,0,0,0,0,0,0,0,0,0,0,0,0,0,0,0,0,0,0,1,1,0,0,0,0,0,0,0,0,0,0,0,0,0,0,0,0,0,0,0,0,0,0,0,19,30,1,1
"Wamble, Magnus","Rensselaer","2021","Graduate","DL",13,1,0,0,0,0,0,0,0,0,0,0,0,0,0,0,0,0,0,0,0,2,0,0,0,0,0,0,0,0,0,0,0,0,0,0,0,0,0,0,0,0,0,1.5,9,0,12,33,3,13
"Perry, Francis","Rensselaer","2021","Graduate","DB",13,0,0,0,0,0,0,0,0,0,0,0,0,0,0,0,0,0,0,0,0,1,5,0,0,0,0,0,0,0,19,0,0,0,0,0,0,0,0,0,0,0,0,0,0,0,28,16,0,0
"Leblo, Jimmy","Rensselaer","2021","Junior","DB",12,1,0,0,0,0,0,0,0,0,0,0,0,0,0,0,0,0,0,0,0,1,1,0,0,0,0,0,0,0,0,0,0,0,0,0,0,0,0,0,0,0,0,0,0,0,21,17,0,0
"Davis, Carlos","Rensselaer","2021","Junior","DB",12,0,0,0,0,0,0,0,0,0,0,0,0,0,0,0,0,0,2,0,26,1,2,0,0,0,0,0,0,0,0,0,0,0,0,0,0,0,0,0,0,0,0,0,0,0,20,7,2,3
"Brockdorff, Spencer","Rensselaer","2021","Junior","DB",11,0,0,0,0,0,0,0,0,0,0,0,0,0,0,0,0,0,0,0,0,3,1,0,0,0,0,0,0,0,0,0,0,0,0,0,0,0,0,0,0,0,0,0,0,0,12,12,2,6
"Vigeant, Lou","Rensselaer","2021","Junior","DL",9,0,0,0,0,0,0,0,0,0,0,0,0,0,0,0,0,0,0,0,0,0,0,0,0,0,0,0,0,0,0,0,0,0,0,0,0,0,0,0,0,0,0,0,0,0,7,15,0,0
"Schumaker, CJ","Rensselaer","2021","Junior","DL",11,0,0,0,0,0,0,0,0,0,0,0,0,0,0,0,0,0,0,0,0,1,0,0,0,0,0,0,0,0,0,0,0,0,0,0,0,0,0,0,0,0,0,0.5,3,0,6,14,0.5,3
"DeCicco, Dennis","Rensselaer","2021","Graduate","LB",13,0,0,1,0,0,0,0,0,0,0,0,0,0,0,0,0,0,0,0,0,0,0,0,0,0,0,0,0,0,0,0,0,0,0,0,0,0,0,0,0,0,0,0,0,0,7,8,0,0
"Langford, Shaf","Rensselaer","2021","Senior","DL",9,0,0,1,0,0,0,0,0,0,0,0,0,0,0,0,0,0,0,0,0,1,0,0,0,0,0,0,0,0,0,0,0,0,0,0,0,0,0,0,0,0,0,0,0,0,5,9,2,2
"McNeil, Brian","Rensselaer","2021","Sophomore","DL",9,0,0,1,0,0,0,0,0,0,0,0,0,0,0,0,0,0,0,0,0,0,0,0,0,0,0,0,0,0,0,0,0,0,0,0,0,0,0,0,0,0,0,0,0,0,4,6,0,0
"Gomes, Chris","Rensselaer","2021","Senior","DB",9,0,0,0,0,0,0,0,0,0,0,0,0,0,0,0,0,0,0,0,0,2,0,0,0,0,0,0,0,0,0,0,0,0,0,0,0,0,0,0,0,0,0,0,0,0,2,6,0,0
"Anderson, Marc","Rensselaer","2021","Graduate","DL",3,0,0,0,0,0,0,0,0,0,0,0,0,0,0,0,0,0,0,0,0,0,0,0,0,0,0,0,0,0,0,0,0,0,0,0,0,0,0,0,0,0,0,0,0,0,0,7,0,0
"Stanton, Charles","Rensselaer","2021","Junior","LB",5,0,0,0,0,0,0,0,0,0,0,0,0,0,0,0,0,0,0,0,0,0,0,0,0,0,0,0,0,0,0,0,0,0,0,0,0,0,0,0,0,0,0,0,0,0,4,3,0,0
"Farina, Nolan","Rensselaer","2021","Junior","SR",7,0,0,0,0,0,0,0,0,0,0,0,0,0,0,0,0,0,0,0,0,0,0,0,0,0,0,0,0,0,0,0,0,0,0,0,0,0,0,0,0,0,0,0,0,0,3,3,0,0
"Leary, Owen","Rensselaer","2021","Junior","DB",9,0,0,0,0,0,0,0,0,0,0,0,0,0,0,0,0,0,0,0,0,0,0,0,0,0,0,0,0,0,0,0,0,0,0,0,0,0,0,0,0,0,0,0,0,0,5,1,0,0
"Booras, Steve","Rensselaer","2021","Freshman","DB",6,0,0,0,0,0,0,0,0,0,0,0,0,0,0,0,0,0,0,0,0,2,0,0,0,0,0,0,0,0,0,0,0,0,0,0,0,0,0,0,0,0,0,0,0,0,3,2,0,0
"Popolizio, Nick","Rensselaer","2021","Junior","LB",4,0,0,0,0,0,0,0,0,0,0,0,0,0,0,0,0,0,0,0,0,0,0,0,0,0,0,0,0,0,0,0,0,0,0,0,0,0,0,0,0,0,0,0,0,0,2,3,0,0
"Von Tobel, Desmond","Rensselaer","2021","Freshman","LB",6,0,0,0,0,0,0,0,0,0,0,0,0,0,0,0,0,0,0,0,0,0,0,0,0,0,0,0,0,0,0,0,0,0,0,0,0,0,0,0,0,0,0,0,0,0,2,3,0,0
"D'Agostino, Anthony","Rensselaer","2021","Freshman","LB",6,0,0,0,0,0,0,0,0,0,0,0,0,0,0,0,0,0,0,0,0,0,0,0,0,0,0,0,0,0,0,0,0,0,0,0,0,0,0,0,0,0,0,0,0,0,2,2,0,0
"D'Agostino, Anthony","Rensselaer","2021","Freshman","LB",6,0,0,0,0,0,0,0,0,0,0,0,0,0,0,0,0,0,0,0,0,0,0,0,0,0,0,0,0,0,0,0,0,0,0,0,0,0,0,0,0,0,0,0,0,0,2,2,0,0
"DeCicco, Jeff","Rensselaer","2021","Junior","DB",7,0,0,0,0,0,0,0,0,0,0,0,0,0,0,0,0,0,0,0,0,0,0,0,0,0,0,0,0,0,0,0,0,0,0,0,0,0,0,0,0,0,0,0,0,0,0,3,0,0
"Kabiawu, Tommy","Rensselaer","2021","Freshman","DB",3,0,0,0,0,0,0,0,0,0,0,0,0,0,0,0,0,0,0,0,0,0,0,0,0,0,0,0,0,0,0,0,0,0,0,0,0,0,0,0,0,0,0,0,0,0,1,2,0,0
"Katinas, Joe","Rensselaer","2021","Junior","LB",4,0,0,0,0,0,0,0,0,0,0,0,0,0,0,0,0,0,0,0,0,0,0,0,0,0,0,0,0,0,0,0,0,0,0,0,0,0,0,0,0,0,0,0,0,0,2,1,0,0
"Neri, Mark","Rensselaer","2021","Graduate","DB",7,0,0,0,0,0,0,0,0,0,0,0,0,0,0,0,0,0,0,0,0,0,0,0,0,0,0,0,0,0,0,0,0,0,0,0,0,0,0,0,0,0,0,0,0,0,0,3,0,0
"Oshodi, Matthew","Rensselaer","2021","Freshman","DB",2,0,0,0,0,0,0,0,0,0,0,0,0,0,0,0,0,0,0,0,0,0,0,0,0,0,0,0,0,0,0,0,0,0,0,0,0,0,0,0,0,0,0,0,0,0,2,1,0,0
"Frederic, Succes","Rensselaer","2021","Freshman","LB",7,0,0,0,0,0,0,0,0,0,0,0,0,0,0,0,0,0,0,0,0,0,0,0,0,0,0,0,0,0,0,0,0,0,0,0,0,0,0,0,0,0,0,0,0,0,2,0,0,0
"Johnson, Erick","Rensselaer","2021","Sophomore","DL",3,0,0,0,0,0,0,0,0,0,0,0,0,0,0,0,0,0,0,0,0,0,0,0,0,0,0,0,0,0,0,0,0,0,0,0,0,0,0,0,0,0,0,0,0,0,0,2,0,0
"Brown, Connor","Rensselaer","2021","Sophomore","OL",2,0,0,0,0,0,0,0,0,0,0,0,0,0,0,0,0,0,0,0,0,0,0,0,0,0,0,0,0,0,0,0,0,0,0,0,0,0,0,0,0,0,0,0,0,0,0,1,0,0
"Colon, Brian","Rensselaer","2021","Sophomore","DB",3,0,0,0,0,0,0,0,0,0,0,0,0,0,0,0,0,0,0,0,0,0,0,0,0,0,0,0,0,0,-5,0,0,0,0,0,0,0,0,0,0,0,0,0,0,0,0,1,0,0
"Fernandez, Diego","Rensselaer","2021","Sophomore","DB",4,0,0,0,0,0,0,0,0,0,0,0,0,0,0,1,28,0,0,0,0,0,0,0,0,0,0,0,0,0,0,0,0,0,0,0,0,0,0,0,0,0,0,0,0,0,1,0,0,0
"Gibbons, Shawn","Rensselaer","2021","Junior","OL",8,0,0,0,0,0,0,0,0,0,0,0,0,0,0,0,0,0,0,0,0,0,0,0,0,0,0,0,0,0,0,0,0,0,0,0,0,0,0,0,0,0,0,0,0,0,1,0,0,0
"Grosjean, Jake","Rensselaer","2021","Freshman","DL",5,0,0,0,0,0,0,0,0,0,0,0,0,0,0,0,0,0,0,0,0,0,0,0,0,0,0,0,0,0,0,0,0,0,0,0,0,0,0,0,0,0,0,0,0,0,1,0,0,0
"Parrino, Matt","Rensselaer","2021","Junior","OL",6,0,0,0,0,0,0,0,0,0,0,0,0,0,0,0,0,0,0,0,0,0,0,0,0,0,0,0,0,0,0,0,0,0,0,0,0,0,0,0,0,0,0,0,0,0,0,1,0,0
"Witherspoon, Roland","Rensselaer","2021","Junior","DL",1,0,0,0,0,0,0,0,0,0,0,0,0,0,0,0,0,0,0,0,0,0,0,0,0,0,0,0,0,0,0,0,0,0,0,0,0,0,0,0,0,0,0,0,0,0,1,0,0,0
"Dunlap, Jake","Rensselaer","2021","Freshman","LB",2,1,0,0,0,0,0,0,0,0,0,0,0,0,0,0,0,0,0,0,0,0,0,0,0,0,0,0,0,0,0,0,0,0,0,0,0,0,0,0,0,0,0,0,0,0,0,0,0,0
"Bisson, Trevor","Rensselaer","2021","Graduate","K",0,0,0,0,1,0,0,0,1,0,1,0,1,0,0,12,661,1,0,0,0,0,0,0,0,0,0,0,0,0,0,0,0,0,0,0,0,0,0,0,0,0,0,0,0,0,0,0,0,0
"Spellman, Matt","Rensselaer","2021","Senior","SR",0,0,0,0,0,0,0,0,0,0,0,0,0,0,0,0,0,0,0,0,0,0,0,0,0,0,0,0,17,0,70,0,0,0,0,0,0,0,0,0,0,0,0,0,0,0,0,0,0,0
"Burnett, Dylan","Rensselaer","2022","Graduate","RB",10,0,0,0,0,0,0,0,0,0,0,0,0,0,0,0,0,0,0,0,0,0,0,0,0,0,0,0,0,0,0,0,0,0,0,18,147,1,213,1075,1106,31,7,0,0,0,0,0,0,0
"Buckley, Cristian","Rensselaer","2022","Sophomore","RB",11,0,0,0,0,0,0,0,0,0,0,0,0,0,0,0,0,0,1,0,17,0,0,0,0,0,0,0,0,0,0,0,0,0,0,6,17,0,62,249,260,11,0,0,0,0,0,0,0,0
"Ming, Dameon","Rensselaer","2022","Sophomore","RB",10,0,0,0,0,0,0,0,0,0,0,0,0,0,0,0,0,0,0,0,0,0,0,0,0,0,0,0,0,0,0,0,0,0,0,3,32,0,24,118,119,1,1,0,0,0,0,0,0,0
"Hughes, Kevin","Rensselaer","2022","Sophomore","RB",6,0,0,0,0,0,0,0,0,0,0,0,0,0,0,0,0,0,0,0,0,0,0,0,0,0,0,0,0,0,0,0,0,0,0,1,6,0,7,82,83,1,1,0,0,0,0,2,0,0
"Ahrens, Joshua","Rensselaer","2022","Freshman","RB",3,0,0,0,0,0,0,0,0,0,0,0,0,0,0,0,0,0,0,0,0,0,0,0,0,0,0,0,0,0,0,0,0,0,0,0,0,0,13,62,62,0,1,0,0,0,0,0,0,0
"Walker-Sutton, Sterling","Rensselaer","2022","Senior","WR",11,0,0,0,0,0,0,0,0,0,0,0,0,0,0,0,0,0,12,0,226,0,0,0,0,0,0,0,13,0,115,0,0,0,0,19,226,0,11,39,39,0,1,0,0,0,0,1,0,0
"Shuster, Daniel","Rensselaer","2022","Freshman","QB",3,0,0,0,0,0,0,0,0,0,0,0,0,0,0,0,0,0,0,0,0,0,0,0,0,0,0,0,0,0,0,0,0,0,0,0,0,0,8,32,37,5,0,0,0,0,0,0,0,0
"Kazanowsky, Jake","Rensselaer","2022","Sophomore","QB",11,0,0,0,0,0,0,0,0,0,0,0,0,0,0,0,0,0,0,0,0,0,0,225,130,4,1323,10,0,0,0,0,0,0,0,0,0,0,45,13,117,104,1,0,0,0,0,0,0,0
"Lombardi, Peter","Rensselaer","2022","Graduate","SR",9,0,0,0,0,0,0,0,0,0,0,0,0,0,0,0,0,0,0,0,0,0,0,0,0,0,0,0,8,0,75,0,4,157,0,23,240,2,3,10,10,0,0,0,0,0,0,0,0,0
"Isernia, Rett","Rensselaer","2022","Graduate","RB",1,0,0,0,0,0,0,0,0,0,0,0,0,0,0,0,0,0,0,0,0,0,0,0,0,0,0,0,0,0,0,0,0,0,0,0,0,0,2,5,5,0,0,0,0,0,0,0,0,0
"Goldsmith, Gil","Rensselaer","2022","Senior","SR",11,0,0,0,0,0,0,0,0,0,0,0,0,0,0,0,0,0,3,0,27,0,0,0,0,0,0,0,0,0,0,0,0,0,0,28,304,2,1,4,4,0,0,0,0,0,0,0,0,0
"Bekkenhuis, Danny","Rensselaer","2022","Senior","OL",8,0,0,0,0,0,0,0,0,0,0,0,0,0,0,0,0,0,0,0,0,0,0,0,0,0,0,0,0,0,0,0,0,0,0,0,0,0,0,0,0,0,0,0,0,0,0,1,0,0
"Petercuskie, Matt","Rensselaer","2022","Senior","QB",10,0,0,0,0,0,0,0,0,0,0,0,0,0,0,0,0,0,0,0,0,0,0,76,35,3,415,3,0,0,0,0,0,0,0,0,0,0,25,-34,60,94,0,0,0,0,0,0,0,0
"Palmer, D.J.","Rensselaer","2022","Graduate","WR",11,0,0,0,0,0,0,0,0,0,0,0,0,0,0,0,0,0,0,0,0,0,0,0,0,0,0,0,0,0,0,0,0,0,0,24,326,3,0,0,0,0,0,0,0,0,0,0,0,0
"Ninche, Deen","Rensselaer","2022","Senior","WR",9,0,0,0,0,0,0,0,0,0,0,0,0,0,0,0,0,0,0,0,0,0,0,0,0,0,0,0,0,0,0,0,0,0,0,15,208,3,0,0,0,0,0,0,0,0,0,0,0,0
"Allison, Shane","Rensselaer","2022","Sophomore","TE",11,0,0,0,0,0,0,0,0,0,0,0,0,0,0,0,0,0,0,0,0,0,0,0,0,0,0,0,0,0,0,0,0,0,0,21,158,2,0,0,0,0,0,0,0,0,0,0,0,0
"Kelly, Sean","Rensselaer","2022","Sophomore","WR",7,0,0,0,0,0,0,0,0,0,0,0,0,0,0,0,0,0,0,0,0,0,0,0,0,0,0,0,0,0,0,0,0,0,0,4,59,0,0,0,0,0,0,0,0,0,0,0,0,0
"Niedzielski, Colton","Rensselaer","2022","Graduate","TE",8,0,0,0,0,0,0,0,0,0,0,0,0,0,0,0,0,0,0,0,0,0,0,0,0,0,0,0,0,0,0,0,0,0,0,2,11,0,0,0,0,0,0,0,0,0,0,0,0,0
"Faraday, Hayden","Rensselaer","2022","Freshman","WR",2,0,0,0,0,0,0,0,0,0,0,0,0,0,0,0,0,0,0,0,0,0,0,0,0,0,0,0,0,0,0,0,0,0,0,1,4,0,0,0,0,0,0,0,0,0,0,0,0,0
"Calcagni, Alessio","Rensselaer","2022","Junior","WR",2,0,0,0,0,0,0,0,0,0,0,0,0,0,0,0,0,0,0,0,0,0,0,0,0,0,0,0,0,0,0,0,0,0,0,0,0,0,0,0,0,0,0,0,0,0,0,0,0,0
"Farina, Nolan","Rensselaer","2022","Senior","SR",7,0,1,0,0,0,0,0,0,0,0,0,0,0,0,0,0,0,1,0,30,0,0,0,0,0,0,0,0,0,0,0,0,0,0,0,0,0,0,0,0,0,0,0,0,0,3,2,0,0
"Meissner, Anthony","Rensselaer","2022","Senior","SR",3,0,0,0,0,0,0,0,0,0,0,0,0,0,0,0,0,0,0,0,0,0,0,0,0,0,0,0,0,0,0,0,0,0,0,0,0,0,0,0,0,0,0,0,0,0,0,0,0,0
"Deptula, Joe","Rensselaer","2022","Graduate","LB",11,0,0,0,0,0,0,0,0,0,0,0,0,0,0,0,0,0,0,0,0,8,1,0,0,0,0,0,0,0,0,0,0,0,0,0,0,0,0,0,0,0,0,1,1,0,51,50,11.5,28
"Noyes, Conner","Rensselaer","2022","Senior","LB",11,0,0,1,0,0,0,0,0,0,0,0,0,0,0,0,0,0,0,0,0,0,1,0,0,0,0,0,0,0,0,0,0,0,0,0,0,0,0,0,0,0,0,1,8,0,39,53,14.5,47
"Cohen, Josh","Rensselaer","2022","Graduate","DL",11,0,0,0,0,0,0,0,0,0,0,0,0,0,0,0,0,0,0,0,0,0,0,0,0,0,0,0,0,0,0,0,0,0,0,0,0,0,0,0,0,0,0,1,3,0,18,40,6.5,19
"Konkwo, Amaechi","Rensselaer","2022","Graduate","DL",11,1,0,0,0,0,0,0,0,0,0,0,0,0,0,0,0,0,0,0,0,2,0,0,0,0,0,0,0,0,0,0,0,0,0,0,0,0,0,0,0,0,0,4,29,0,14,30,7.5,42
"McGrath, Cole","Rensselaer","2022","Graduate","LB",9,1,0,1,0,0,0,0,0,0,0,0,0,0,0,0,0,0,0,0,0,4,0,0,0,0,0,0,0,0,0,0,0,0,0,0,0,0,0,0,0,0,0,0,0,0,22,16,3,6
"Leblo, Jimmy","Rensselaer","2022","Senior","DB",11,0,1,0,0,0,0,0,0,0,0,0,0,0,0,0,0,0,0,0,0,3,4,0,0,0,0,0,0,0,0,0,0,0,0,0,0,0,0,0,0,0,0,0,0,0,17,20,0,0
"Lyons, C.J.","Rensselaer","2022","Graduate","DB",11,0,0,0,0,0,0,0,0,0,0,0,0,0,0,0,0,0,0,0,0,6,1,0,0,0,0,0,0,0,0,0,0,0,0,0,0,0,0,0,0,0,0,0,0,0,19,15,4.5,7
"Lyons, C.J.","Rensselaer","2022","Graduate","DB",11,0,0,0,0,0,0,0,0,0,0,0,0,0,0,0,0,0,0,0,0,6,1,0,0,0,0,0,0,0,0,0,0,0,0,0,0,0,0,0,0,0,0,0,0,0,19,15,4.5,7
"Schumaker, CJ","Rensselaer","2022","Senior","DL",10,0,0,1,0,0,0,0,0,0,0,0,0,0,0,0,0,0,0,0,0,1,1,0,0,0,0,0,0,0,0,0,0,0,0,0,0,0,0,0,0,0,0,2,21,0,16,15,10.5,42
"Brockdorff, Spencer","Rensselaer","2022","Senior","DB",11,0,0,0,0,0,0,0,0,0,0,0,0,0,0,0,0,0,0,0,0,5,2,0,0,0,0,0,0,0,0,0,0,0,0,0,0,0,0,0,0,0,0,0,0,0,17,12,1,1
"Sicard, Nate","Rensselaer","2022","Sophomore","DL",8,0,0,0,0,0,0,0,0,0,0,0,0,0,0,0,0,0,0,0,0,2,0,0,0,0,0,0,0,0,0,0,0,0,0,0,0,0,0,0,0,0,0,3,25,0,11,14,3,25
"Davis, Carlos","Rensselaer","2022","Senior","DB",11,0,1,0,0,0,0,0,0,0,0,0,0,0,0,0,0,0,0,0,0,2,5,0,0,0,0,0,0,0,0,0,0,0,0,0,0,0,0,0,0,0,0,0,0,0,17,7,1,1
"McNeil, Brian","Rensselaer","2022","Junior","DL",10,0,0,0,0,0,0,0,0,0,0,0,0,0,0,0,0,0,0,0,0,0,0,0,0,0,0,0,0,0,0,0,0,0,0,0,0,0,0,0,0,0,0,2,11,0,6,18,2,11
"Vigeant, Lou","Rensselaer","2022","Senior","DL",11,0,0,0,0,0,0,0,0,0,0,0,0,0,0,0,0,0,0,0,0,1,0,0,0,0,0,0,0,0,0,0,0,0,0,0,0,0,0,0,0,0,0,0,0,0,6,11,0,0
"Frederic, Succes","Rensselaer","2022","Sophomore","LB",7,0,0,0,0,0,0,0,0,0,0,0,0,0,0,0,0,0,0,0,0,1,1,0,0,0,0,0,0,0,0,0,0,0,0,0,0,0,0,0,0,0,0,0.5,8,0,9,5,1.5,12
"Garrett, Cortez","Rensselaer","2022","Freshman","DB",9,0,0,0,0,0,0,0,0,0,0,0,0,0,0,0,0,0,0,0,0,0,0,0,0,0,0,0,0,0,0,0,0,0,0,0,0,0,0,0,0,0,0,0,0,0,9,5,0,0
"Von Tobel, Desmond","Rensselaer","2022","Sophomore","LB",8,0,0,0,0,0,0,0,0,0,0,0,0,0,0,0,0,0,1,0,17,0,0,0,0,0,0,0,0,0,0,0,0,0,0,0,0,0,0,0,0,0,0,0,0,0,4,8,0,0
"Fernandez, Diego","Rensselaer","2022","Junior","DB",9,0,0,0,0,0,0,0,0,0,0,0,0,0,0,0,0,0,0,0,0,0,0,0,0,0,0,0,0,0,0,0,0,0,0,0,0,0,0,0,0,0,0,0,0,0,6,2,0,0
"Gomes, Chris","Rensselaer","2022","Graduate","DB",8,0,0,0,0,0,0,0,0,0,0,0,0,0,0,0,0,0,0,0,0,2,0,0,0,0,0,0,0,0,0,0,0,0,0,0,0,0,0,0,0,0,0,0,0,0,4,4,1,5
"Katinas, Joe","Rensselaer","2022","Senior","LB",9,0,0,0,0,0,0,0,0,0,0,0,0,0,0,0,0,0,0,0,0,0,0,0,0,0,0,0,0,0,0,0,0,0,0,0,0,0,0,0,0,0,0,1,8,0,4,4,1,8
"Terrizzi, Blake","Rensselaer","2022","Junior","DL",7,0,0,0,0,0,0,0,0,0,0,0,0,0,0,0,0,0,0,0,0,0,0,0,0,0,0,0,0,0,0,0,0,0,0,0,0,0,0,0,0,0,0,2.5,17,0,6,2,2.5,17
"Anderson, Marc","Rensselaer","2022","Graduate","DL",6,0,0,0,0,0,0,0,0,0,0,0,0,0,0,0,0,0,0,0,0,0,0,0,0,0,0,0,0,0,0,0,0,0,0,0,0,0,0,0,0,0,0,1,11,0,2,4,1,11
"D'Agostino, Anthony","Rensselaer","2022","Sophomore","LB",8,0,0,0,0,0,0,0,0,0,0,0,0,0,0,0,0,0,0,0,0,0,0,0,0,0,0,0,0,0,0,0,0,0,0,0,0,0,0,0,0,0,0,0,0,0,2,3,0,0
"Kabiawu, Tommy","Rensselaer","2022","Sophomore","DB",6,0,0,0,0,0,0,0,0,0,0,0,0,0,0,0,0,0,0,0,0,0,0,0,0,0,0,0,0,0,0,0,0,0,0,0,0,0,0,0,0,0,0,0,0,0,3,1,0,0
"Johnson, Cassius","Rensselaer","2022","Freshman","DB",8,1,0,0,0,0,0,0,0,0,0,0,0,0,0,0,0,0,1,0,13,1,0,0,0,0,0,0,0,0,0,0,0,0,0,0,0,0,0,0,0,0,0,0,0,0,3,0,0,0
"Leary, Owen","Rensselaer","2022","Senior","DB",6,0,0,0,0,0,0,0,0,0,0,0,0,0,0,0,0,0,0,0,0,0,0,0,0,0,0,0,0,0,0,0,0,0,0,0,0,0,0,0,0,0,0,0,0,0,2,1,0,0
"Abraham, Victory","Rensselaer","2022","Junior","DB",4,0,0,0,0,0,0,0,0,0,0,0,0,0,0,0,0,0,0,0,0,0,0,0,0,0,0,0,0,0,0,0,0,0,0,0,0,0,0,0,0,0,0,0,0,0,1,1,0,0
"Ihegihu, Josh","Rensselaer","2022","Sophomore","DB",3,0,0,0,0,0,0,0,0,0,0,0,0,0,0,0,0,0,0,0,0,0,0,0,0,0,0,0,0,0,0,0,0,0,0,0,0,0,0,0,0,0,0,0,0,0,1,1,0,0
"Lafferty, Miles","Rensselaer","2022","Freshman","DB",2,0,0,0,0,0,0,0,0,0,0,0,0,0,0,0,0,0,0,0,0,0,0,0,0,0,0,0,0,0,0,0,0,0,0,0,0,0,0,0,0,0,0,0,0,0,1,1,0,0
"Mulvaney, Thomas","Rensselaer","2022","Freshman","DB",3,0,0,0,0,0,0,0,0,0,0,0,0,0,0,0,0,0,0,0,0,0,0,0,0,0,0,0,0,0,0,0,0,0,0,0,0,0,0,0,0,0,0,0,0,0,2,0,0,0
"Olavarria, Marco","Rensselaer","2022","Sophomore","LB",5,0,1,0,0,0,0,0,0,0,0,0,0,0,0,0,0,0,0,0,0,0,0,0,0,0,0,0,1,0,5,0,0,0,0,0,0,0,0,0,0,0,0,0,0,0,2,0,0,0
"Schumaker, Jack","Rensselaer","2022","Sophomore","LB",3,0,0,0,0,0,0,0,0,0,0,0,0,0,0,0,0,0,0,0,0,0,0,0,0,0,0,0,0,0,0,0,0,0,0,0,0,0,0,0,0,0,0,0,0,0,1,1,0,0
"Stanton, Charles","Rensselaer","2022","Senior","LB",5,0,0,0,0,0,0,0,0,0,0,0,0,0,0,0,0,0,0,0,0,0,0,0,0,0,0,0,0,0,0,0,0,0,0,0,0,0,0,0,0,0,0,0,0,0,1,1,0,0
"Borkowski, Jon","Rensselaer","2022","Freshman","DB",3,0,0,0,0,0,0,0,0,0,0,0,0,0,0,0,0,0,0,0,0,0,0,0,0,0,0,0,0,0,0,0,0,0,0,0,0,0,0,0,0,0,0,0,0,0,1,0,0,0
"Critchlow, Ethan","Rensselaer","2022","Senior","DL",1,0,0,0,0,0,0,0,0,0,0,0,0,0,0,0,0,0,0,0,0,0,0,0,0,0,0,0,0,0,0,0,0,0,0,0,0,0,0,0,0,0,0,0,0,0,1,0,0,0
"Ghadiali, Neil","Rensselaer","2022","Freshman","DB",2,0,0,0,0,0,0,0,0,0,0,0,0,0,0,0,0,0,0,0,0,0,0,0,0,0,0,0,0,0,0,0,0,0,0,0,0,0,0,0,0,0,0,0,0,0,1,0,0,0
"Grosjean, Jake","Rensselaer","2022","Sophomore","DL",2,0,0,0,0,0,0,0,0,0,0,0,0,0,0,0,0,0,0,0,0,0,0,0,0,0,0,0,0,0,0,0,0,0,0,0,0,0,0,0,0,0,0,0,0,0,0,1,0,0
"Nemeth, Gunnar","Rensselaer","2022","Junior","DL",6,0,0,0,0,0,0,0,0,0,0,0,0,0,0,0,0,0,0,0,0,1,0,0,0,0,0,0,0,0,0,0,0,0,0,0,0,0,0,0,0,0,0,0,0,0,1,0,0,0
"Maric, Aleksandar","Rensselaer","2022","Freshman","K/P",11,0,0,0,0,0,0,3,6,2,3,0,0,0,0,42,2249,6,0,0,0,0,0,0,0,0,0,0,0,0,0,0,0,0,0,0,0,0,0,0,0,0,0,0,0,0,0,0,0,0
"Burke, Anderson","Rensselaer","2022","Freshman","P/K",0,0,0,0,0,0,0,0,0,0,0,0,0,0,0,0,0,0,0,0,0,0,0,0,0,0,0,0,0,0,0,16,50,1767,4,0,0,0,0,0,0,0,0,0,0,0,0,0,0,0
"White, Kayden","Rensselaer","2023","Freshman","RB",11,0,0,0,0,0,0,0,0,0,0,0,0,0,0,0,0,0,6,0,122,0,0,0,0,0,0,0,0,0,0,0,0,0,0,8,77,2,93,595,618,23,6,0,0,0,1,0,0,0
"Buckley, Cristian","Rensselaer","2023","Junior","RB",11,0,0,0,0,0,0,0,0,0,0,0,0,0,0,0,0,0,0,0,0,0,0,0,0,0,0,0,0,0,0,0,0,0,0,8,81,0,89,494,508,14,8,0,0,0,0,0,0,0
"Kazanowsky, Jake","Rensselaer","2023","Junior","QB",8,0,0,0,0,0,0,0,0,0,0,0,0,0,0,0,0,0,0,0,0,0,0,197,131,6,1757,15,0,0,0,0,0,0,0,0,0,0,65,247,337,90,5,0,0,0,0,0,0,0
"Ming, Dameon","Rensselaer","2023","Junior","RB",10,0,0,0,0,0,0,0,0,0,0,0,0,0,0,0,0,0,0,0,0,0,0,0,0,0,0,0,0,0,0,0,0,0,0,1,6,0,26,125,129,4,2,0,0,0,3,0,0,0
"Walker-Sutton, Sterling","Rensselaer","2023","Graduate","WR",11,0,0,0,0,0,0,0,0,0,0,0,0,0,0,0,0,0,13,0,368,0,0,2,1,0,48,1,23,2,306,0,0,0,0,22,309,2,14,106,109,3,1,0,0,0,0,0,0,0
"Ahrens, Joshua","Rensselaer","2023","Sophomore","RB",6,0,0,0,0,0,0,0,0,0,0,0,0,0,0,0,0,0,0,0,0,0,0,0,0,0,0,0,0,0,0,0,0,0,0,0,0,0,23,97,100,3,1,0,0,0,0,0,0,0
"McCormack, Justin","Rensselaer","2023","Freshman","QB",6,0,0,0,0,0,0,0,0,0,0,0,0,0,0,0,0,0,0,0,0,0,0,77,45,3,575,2,0,0,0,0,0,0,0,0,-2,0,34,58,137,79,3,0,0,0,0,0,0,0
"Encarnacion, RJ","Rensselaer","2023","Sophomore","SR",6,0,0,0,0,0,0,0,0,0,0,0,0,0,0,0,0,0,1,0,26,0,0,0,0,0,0,0,0,0,0,0,0,0,0,4,43,0,10,52,52,0,0,0,0,0,0,0,0,0
"Encarnacion, RJ","Rensselaer","2023","Sophomore","SR",6,0,0,0,0,0,0,0,0,0,0,0,0,0,0,0,0,0,1,0,26,0,0,0,0,0,0,0,0,0,0,0,0,0,0,1,6,0,10,52,52,0,0,0,0,0,0,0,0,0
"Ruta, Frank","Rensselaer","2023","Freshman","RB",2,0,0,0,0,0,0,0,0,0,0,0,0,0,0,0,0,0,0,0,0,0,0,0,0,0,0,0,0,0,0,0,0,0,0,0,0,0,3,17,17,0,0,0,0,0,0,0,0,0
"Goldsmith, Gil","Rensselaer","2023","Graduate","SR",11,0,0,0,0,0,0,0,0,0,0,0,0,0,0,0,0,0,1,0,0,0,0,0,0,0,0,0,0,0,0,0,0,0,0,20,291,3,1,15,15,0,0,0,0,0,1,0,0,0
"DeMatteo, Anthony","Rensselaer","2023","Sophomore","QB",9,0,0,0,0,0,0,0,0,0,0,0,0,0,0,0,0,0,0,0,0,0,0,32,22,0,233,2,0,0,0,0,0,0,0,0,0,0,10,9,23,14,2,0,0,0,0,0,0,0
"Hughes, Kevin","Rensselaer","2023","Junior","RB",2,0,0,0,0,0,0,0,0,0,0,0,0,0,0,0,0,0,0,0,0,0,0,0,0,0,0,0,0,0,0,0,0,0,0,0,0,0,2,9,9,0,0,0,0,0,0,1,0.5,1
"Kelly, Sean","Rensselaer","2023","Junior","WR",10,0,0,0,0,0,0,0,0,0,0,0,0,0,0,0,0,0,0,0,0,0,0,0,0,0,0,0,0,0,0,0,0,0,0,22,252,3,1,3,3,0,0,0,0,0,1,0,0,0
"Burke, Anderson","Rensselaer","2023","Sophomore","P/K",9,0,0,0,0,0,0,0,0,0,0,0,0,0,0,6,329,0,0,0,0,0,0,0,0,0,0,0,0,0,0,9,26,881,1,0,0,0,0,0,0,0,0,0,0,0,0,0,0,0
"Burke, Anderson","Rensselaer","2023","Sophomore","P/K",9,0,0,0,0,0,0,0,0,0,0,0,0,0,0,6,329,0,0,0,0,0,0,0,0,0,0,0,0,0,0,1,3,97,0,0,0,0,0,0,0,0,0,0,0,0,0,0,0,0
"Burke, Anderson","Rensselaer","2023","Sophomore","P/K",9,0,0,0,0,0,0,0,0,0,0,0,0,0,0,1,44,0,0,0,0,0,0,0,0,0,0,0,0,0,0,9,26,881,1,0,0,0,0,0,0,0,0,0,0,0,0,0,0,0
"Burke, Anderson","Rensselaer","2023","Sophomore","P/K",9,0,0,0,0,0,0,0,0,0,0,0,0,0,0,1,44,0,0,0,0,0,0,0,0,0,0,0,0,0,0,1,3,97,0,0,0,0,0,0,0,0,0,0,0,0,0,0,0,0
"Cirulli, Nicholas","Rensselaer","2023","Sophomore","OL",10,0,0,0,0,0,0,0,0,0,0,0,0,0,0,0,0,0,0,0,0,0,0,0,0,0,0,0,0,0,0,0,0,0,0,0,0,0,0,0,0,0,0,0,0,0,0,0,0,0
"Guitian, Zavien","Rensselaer","2023","Graduate","OL",11,0,0,0,0,0,0,0,0,0,0,0,0,0,0,0,0,0,0,0,0,0,0,0,0,0,0,0,0,0,0,0,0,0,0,0,0,0,0,0,0,0,0,0,0,0,0,0,0,0
"Lederman, Christian","Rensselaer","2023","Junior","TE",3,0,0,0,0,0,0,0,0,0,0,0,0,0,0,0,0,0,0,0,0,0,0,0,0,0,0,0,0,0,0,0,0,0,0,1,9,0,1,-1,0,1,0,0,0,0,0,0,0,0
"Davis Jr., Clyde","Rensselaer","2023","Sophomore","QB",1,0,0,0,0,0,0,0,0,0,0,0,0,0,0,0,0,0,0,0,0,0,0,4,3,1,28,0,0,0,0,0,0,0,0,0,0,0,3,-2,2,4,0,0,0,0,0,0,0,0
"Ghadiali, Neil","Rensselaer","2023","Sophomore","DB",5,0,0,0,0,0,0,0,0,0,0,0,0,0,0,0,0,0,0,0,0,0,0,0,0,0,0,0,0,0,0,0,0,0,0,0,0,0,1,-2,0,2,0,0,0,0,1,0,0,0
"Garbolino, Frankie","Rensselaer","2023","Freshman","QB",2,0,0,0,0,0,0,0,0,0,0,0,0,0,0,0,0,0,0,0,0,0,0,1,0,0,0,0,0,0,0,0,0,0,0,0,0,0,1,-7,0,7,0,0,0,0,0,0,0,0
"Faraday, Hayden","Rensselaer","2023","Sophomore","WR",11,0,0,0,0,0,0,0,0,0,0,0,0,0,0,0,0,0,0,0,0,0,0,0,0,0,0,0,0,0,0,0,0,0,0,62,873,7,0,0,0,0,0,0,0,0,2,0,0,0
"Meissner, Anthony","Rensselaer","2023","Graduate","SR",10,0,0,0,0,0,0,0,0,0,0,0,0,0,0,0,0,0,0,0,0,0,0,0,0,0,0,0,0,0,0,0,0,0,0,12,273,2,0,0,0,0,0,0,0,0,0,0,0,0
"McGoey, Jimmy","Rensselaer","2023","Junior","WR",11,0,0,0,0,0,0,0,0,0,0,0,0,0,0,0,0,0,0,0,0,0,0,0,0,0,0,0,0,0,0,0,0,0,0,17,193,1,0,0,0,0,0,0,0,0,1,0,0,0
"Allison, Shane","Rensselaer","2023","Junior","TE",11,0,0,0,0,0,0,0,0,0,0,0,0,0,0,0,0,0,0,0,0,0,0,0,0,0,0,0,0,0,0,0,0,0,0,13,115,0,0,0,0,0,0,0,0,0,0,0,0,0
"Nickelson, Paisley","Rensselaer","2023","Sophomore","WR",8,0,0,0,0,0,0,0,0,0,0,0,0,0,0,0,0,0,0,0,0,0,0,0,0,0,0,0,0,0,0,0,0,0,0,6,83,0,0,0,0,0,0,0,0,0,1,0,0,0
"Grant, Dalton","Rensselaer","2023","Freshman","WR",1,0,0,0,0,0,0,0,0,0,0,0,0,0,0,0,0,0,0,0,0,0,0,0,0,0,0,0,0,0,0,0,0,0,0,1,10,0,0,0,0,0,0,0,0,0,0,0,0,0
"LaFrance, Zach","Rensselaer","2023","Sophomore","WR",2,0,0,0,0,0,0,0,0,0,0,0,0,0,0,0,0,0,0,0,0,0,0,0,0,0,0,0,0,0,0,0,0,0,0,1,10,0,0,0,0,0,0,0,0,0,0,0,0,0
"Calcagni, Alessio","Rensselaer","2023","Senior","WR",6,0,0,0,0,0,0,0,0,0,0,0,0,0,0,0,0,0,0,0,0,0,0,0,0,0,0,0,0,0,0,0,0,0,0,1,7,0,0,0,0,0,0,0,0,0,0,1,0,0
"Foney, John","Rensselaer","2023","Graduate","WR",2,0,0,0,0,0,0,0,0,0,0,0,0,0,0,0,0,0,0,0,0,0,0,0,0,0,0,0,0,0,0,0,0,0,0,1,7,0,0,0,0,0,0,0,0,0,0,0,0,0
"Young, Josh","Rensselaer","2023","Freshman","TE",7,0,0,0,0,0,0,0,0,0,0,0,0,0,0,0,0,0,0,0,0,0,0,0,0,0,0,0,0,0,0,0,0,0,0,1,5,0,0,0,0,0,0,0,0,0,0,0,0,0
"Swanger, Gage","Rensselaer","2023","Freshman","WR",2,0,0,0,0,0,0,0,0,0,0,0,0,0,0,0,0,0,0,0,0,0,0,0,0,0,0,0,0,0,0,0,0,0,0,0,0,0,0,0,0,0,0,0,0,0,0,0,0,0
"Ahle, Chris","Rensselaer","2023","Freshman","WR",1,0,0,0,0,0,0,0,0,0,0,0,0,0,0,0,0,0,0,0,0,0,0,0,0,0,0,0,0,0,0,0,0,0,0,1,-1,0,0,0,0,0,0,0,0,0,0,0,0,0
"D'Agostino, Anthony","Rensselaer","2023","Junior","LB",11,1,0,1,0,0,0,0,0,0,0,0,0,0,0,0,0,0,0,0,0,3,2,0,0,0,0,0,0,0,0,0,0,0,0,0,0,0,0,0,0,0,0,0,0,0,50,37,7.5,24
"Von Tobel, Desmond","Rensselaer","2023","Junior","LB",11,0,0,2,0,0,0,0,0,0,0,0,0,0,0,0,0,0,0,0,0,0,0,0,0,0,0,0,0,0,0,0,0,0,0,0,0,0,0,0,0,0,0,1,10,0,34,35,3.5,17
"Fernandez, Diego","Rensselaer","2023","Senior","DB",11,1,0,1,0,0,0,0,0,0,0,0,0,0,0,0,0,0,0,0,0,4,0,0,0,0,0,0,0,0,0,0,0,0,0,0,0,0,0,0,0,0,0,0,0,0,31,28,1,1
"Sicard, Nate","Rensselaer","2023","Junior","DL",11,2,0,3,0,0,0,0,0,0,0,0,0,0,0,0,0,0,0,0,0,1,0,0,0,0,0,0,0,0,0,0,0,0,0,0,0,0,0,0,0,0,0,4.5,31,0,24,25,10.5,45
"Davis, Carlos","Rensselaer","2023","Graduate","DB",11,0,0,0,0,0,0,0,0,0,0,0,0,0,0,0,0,0,0,0,0,8,2,0,0,0,0,0,0,0,0,0,0,0,0,0,0,0,0,0,0,0,0,1,6,0,35,10,3,9
"Lapioli, Mark","Rensselaer","2023","Junior","LB",11,0,0,0,0,0,0,0,0,0,0,0,0,0,0,0,0,0,0,0,0,2,1,0,0,0,0,0,0,0,0,0,0,0,0,0,0,0,0,0,0,0,0,1,8,0,29,15,4.5,13
"Frederic, Succes","Rensselaer","2023","Junior","LB",11,0,0,0,0,0,0,0,0,0,0,0,0,0,0,0,0,0,0,0,0,0,0,0,0,0,0,0,0,0,0,0,0,0,0,0,0,0,0,0,0,0,0,1,12,0,23,18,5,24
"Johnson, Ethan","Rensselaer","2023","Sophomore","DL",11,0,0,0,0,0,0,0,0,0,0,0,0,0,0,0,0,0,0,0,0,0,0,0,0,0,0,0,0,0,0,0,0,0,0,0,0,0,0,0,0,0,0,3.5,21,0,19,20,6.5,26
"McNeil, Brian","Rensselaer","2023","Senior","DL",11,0,0,0,0,0,0,0,0,0,0,0,0,0,0,0,0,0,0,0,0,3,0,0,0,0,0,0,0,0,0,0,0,0,0,0,0,0,0,0,0,0,0,2.5,12,0,19,15,4.5,17
"Johnson, Cassius","Rensselaer","2023","Sophomore","DB",11,0,0,0,0,0,0,0,0,0,0,0,0,0,0,0,0,0,1,1,80,5,2,0,0,0,0,0,0,0,0,0,0,0,0,0,0,0,0,0,0,0,0,0,0,0,21,10,1,7
"Garrett, Cortez","Rensselaer","2023","Sophomore","DB",11,0,0,0,0,0,0,0,0,0,0,0,0,0,0,0,0,0,0,0,0,5,2,0,0,0,0,0,0,0,0,0,0,0,0,0,0,0,0,0,0,0,0,0,0,0,21,8,0,0
"Schumaker, CJ","Rensselaer","2023","Graduate","LB",11,0,0,0,0,0,0,0,0,0,0,0,0,0,0,0,0,0,0,0,0,0,0,0,0,0,0,0,0,0,0,0,0,0,0,0,0,0,0,0,0,0,0,2,11,0,13,10,4,14
"Nemeth, Gunnar","Rensselaer","2023","Senior","DL",10,0,0,0,0,0,0,0,0,0,0,0,0,0,0,0,0,0,0,0,0,1,0,0,0,0,0,0,0,0,0,0,0,0,0,0,0,0,0,0,0,0,0,0.5,4,0,10,5,2,5
"Wolo, Jeremiah","Rensselaer","2023","Junior","DB",10,0,0,0,0,0,0,0,0,0,0,0,0,0,0,0,0,0,0,0,0,2,0,0,0,0,0,0,0,0,0,0,0,0,0,0,0,0,0,0,0,0,0,0,0,0,13,2,0,0
"Boland, Owen","Rensselaer","2023","Freshman","DL",8,0,0,0,0,0,0,0,0,0,0,0,0,0,0,0,0,0,0,0,0,0,0,0,0,0,0,0,0,0,0,0,0,0,0,0,0,0,0,0,0,0,0,1,10,0,8,6,2,11
"Dow, Ryan","Rensselaer","2023","Sophomore","DB",9,0,0,0,0,0,0,0,0,0,0,0,0,0,0,0,0,0,0,0,0,2,0,0,0,0,0,0,0,0,0,0,0,0,0,0,0,0,0,0,0,0,0,0,0,0,6,8,0,0
"Grosjean, Jake","Rensselaer","2023","Junior","DL",10,0,0,0,0,0,0,0,0,0,0,0,0,0,0,0,0,0,0,0,0,0,0,0,0,0,0,0,0,0,0,0,0,0,0,0,0,0,0,0,0,0,0,1,16,0,3,9,1.5,16
"Lafferty, Miles","Rensselaer","2023","Sophomore","LB",8,0,0,0,0,0,0,0,0,0,0,0,0,0,0,0,0,0,0,0,0,1,0,0,0,0,0,0,0,0,0,0,0,0,0,0,0,0,0,0,0,0,0,1,9,0,7,4,1,9
"Olavarria, Marco","Rensselaer","2023","Junior","DB",8,1,0,0,0,0,0,0,0,0,0,0,0,0,0,0,0,0,0,0,0,0,0,0,0,0,0,0,0,0,0,0,0,0,0,0,0,0,0,0,0,0,0,0,0,0,8,3,0,0
"Connelly, Jon","Rensselaer","2023","Junior","LB",7,1,1,0,0,0,0,0,0,0,0,0,0,0,0,0,0,0,0,0,0,0,0,0,0,0,0,0,0,0,0,0,0,0,0,0,0,0,0,0,0,0,0,0,0,0,5,4,0,0
"Mulvaney, Thomas","Rensselaer","2023","Sophomore","DB",10,0,0,0,0,0,0,0,0,0,0,0,0,0,0,0,0,0,0,0,0,1,0,0,0,0,0,0,0,0,0,0,0,0,0,0,0,0,0,0,0,0,0,0,0,0,1,6,0,0
"Terrelonge, Cylan","Rensselaer","2023","Junior","LB",6,0,0,0,0,0,0,0,0,0,0,0,0,0,0,0,0,0,0,0,0,0,0,0,0,0,0,0,0,0,0,0,0,0,0,0,0,0,0,0,0,0,0,0,0,0,4,3,0,0
"Borkowski, Jon","Rensselaer","2023","Sophomore","DB",7,0,0,0,0,0,0,0,0,0,0,0,0,0,0,0,0,0,0,0,0,1,0,0,0,0,0,0,0,0,0,0,0,0,0,0,0,0,0,0,0,0,0,0,0,0,5,1,0,0
"Jones III, Quentin","Rensselaer","2023","Freshman","DB",7,0,0,0,0,0,0,0,0,0,0,0,0,0,0,0,0,0,0,0,0,1,0,0,0,0,0,0,0,0,0,0,0,0,0,0,0,0,0,0,0,0,0,0,0,0,3,3,0,0
"Schumaker, Jack","Rensselaer","2023","Junior","LB",5,0,0,0,0,0,0,0,0,0,0,0,0,0,0,0,0,0,0,0,0,0,0,0,0,0,0,0,0,0,0,0,0,0,0,0,0,0,0,0,0,0,0,0,0,0,3,3,0,0
"Abraham, Victory","Rensselaer","2023","Senior","DB",4,0,0,0,0,0,0,0,0,0,0,0,0,0,0,0,0,0,0,0,0,1,0,0,0,0,0,0,0,0,0,0,0,0,0,0,0,0,0,0,0,0,0,0,0,0,2,3,0,0
"Korfonta, Tristan","Rensselaer","2023","Freshman","LB",4,0,0,0,0,0,0,0,0,0,0,0,0,0,0,0,0,0,0,0,0,0,0,0,0,0,0,0,0,0,0,0,0,0,0,0,0,0,0,0,0,0,0,0,0,0,2,3,0,0
"Mackell, Thomas","Rensselaer","2023","Freshman","DL",3,0,0,0,0,0,0,0,0,0,0,0,0,0,0,0,0,0,0,0,0,1,0,0,0,0,0,0,0,0,0,0,0,0,0,0,0,0,0,0,0,0,0,0,0,0,3,2,1,3
"Galonek, Noah","Rensselaer","2023","Senior","DL",7,0,0,0,0,0,0,0,0,0,0,0,0,0,0,0,0,0,0,0,0,0,0,0,0,0,0,0,0,0,0,0,0,0,0,0,0,0,0,0,0,0,0,0,0,0,1,3,0,0
"Kabiawu, Tommy","Rensselaer","2023","Junior","DB",9,0,0,0,0,0,0,0,0,0,0,0,0,0,0,0,0,0,0,0,0,0,0,0,0,0,0,0,0,0,0,0,0,0,0,0,0,0,0,0,0,0,0,0,0,0,3,1,0,0
"Terrizzi, Blake","Rensselaer","2023","Senior","DL",5,0,0,0,0,0,0,0,0,0,0,0,0,0,0,0,0,0,0,0,0,0,0,0,0,0,0,0,0,0,0,0,0,0,0,0,0,0,0,0,0,0,0,0,0,0,3,1,0,0
"O'Keefe, Patrick","Rensselaer","2023","Freshman","DL",2,0,0,0,0,0,0,0,0,0,0,0,0,0,0,0,0,0,0,0,0,0,0,0,0,0,0,0,0,0,0,0,0,0,0,0,0,0,0,0,0,0,0,1,5,0,2,1,1,5
"Oshodi, Matthew","Rensselaer","2023","Junior","DB",3,0,0,0,0,0,0,0,0,0,0,0,0,0,0,0,0,0,0,0,0,0,0,0,0,0,0,0,0,0,0,0,0,0,0,0,0,0,0,0,0,0,0,0,0,0,2,1,0,0
"Bekkenhuis, Aidan","Rensselaer","2023","Freshman","DB",4,0,0,0,0,0,0,0,0,0,0,0,0,0,0,0,0,0,0,0,0,0,0,0,0,0,0,0,0,0,0,0,0,0,0,0,0,0,0,0,0,0,0,0,0,0,1,1,0,0
"Dechiaro, Joe","Rensselaer","2023","Freshman","LB",2,0,0,0,0,0,0,0,0,0,0,0,0,0,0,0,0,0,0,0,0,0,0,0,0,0,0,0,0,0,0,0,0,0,0,0,0,0,0,0,0,0,0,0,0,0,1,1,0,0
"Ferrara, Mason","Rensselaer","2023","Freshman","LB",2,0,0,0,0,0,0,0,0,0,0,0,0,0,0,0,0,0,0,0,0,1,0,0,0,0,0,0,0,0,0,0,0,0,0,0,0,0,0,0,0,0,0,0,0,0,0,2,0,0
"Frattarola, Michael","Rensselaer","2023","Sophomore","RB",1,0,0,0,0,0,0,0,0,0,0,0,0,0,0,0,0,0,0,0,0,0,0,0,0,0,0,0,0,0,0,0,0,0,0,0,0,0,0,0,0,0,0,0,0,0,1,1,0,0
"Krauza, Matt","Rensselaer","2023","Freshman","DB",3,0,0,0,0,0,0,0,0,0,0,0,0,0,0,0,0,0,0,0,0,0,0,0,0,0,0,0,0,0,0,0,0,0,0,0,0,0,0,0,0,0,0,0,0,0,0,2,0,0
"Perrone, Mitch","Rensselaer","2023","Junior","OL",4,0,0,0,0,0,0,0,0,0,0,0,0,0,0,0,0,0,0,0,0,0,0,0,0,0,0,0,0,0,0,0,0,0,0,0,0,0,0,0,0,0,0,0,0,0,2,0,0,0
"Toland, Zach","Rensselaer","2023","Sophomore","DL",2,0,0,0,0,0,0,0,0,0,0,0,0,0,0,0,0,0,0,0,0,1,0,0,0,0,0,0,0,0,0,0,0,0,0,0,0,0,0,0,0,0,0,0,0,0,1,1,0,0
"Chadwick, T.J.","Rensselaer","2023","Freshman","DL",1,0,0,0,0,0,0,0,0,0,0,0,0,0,0,0,0,0,0,0,0,0,0,0,0,0,0,0,0,0,0,0,0,0,0,0,0,0,0,0,0,0,0,0,0,0,0,1,0,0
"Bekkenhuis, Danny","Rensselaer","2023","Graduate","OL",10,0,0,0,0,0,0,0,0,0,0,0,0,0,0,0,0,0,0,0,0,0,0,0,0,0,0,0,0,0,0,0,0,0,0,0,0,0,0,0,0,0,0,0,0,0,1,0,0,0
"Elstein, Jared","Rensselaer","2023","Graduate","K/P",10,0,0,0,2,0,0,2,3,4,7,0,1,0,0,50,2831,10,0,0,0,0,0,0,0,0,0,0,0,0,0,1,5,185,0,0,0,0,0,0,0,0,0,0,0,0,1,0,0,0
"Kalinowski, David","Rensselaer","2023","Junior","LB",6,1,0,0,0,0,0,0,0,0,0,0,0,0,0,0,0,0,0,0,0,0,0,0,0,0,0,0,0,0,0,0,0,0,0,0,0,0,0,0,0,0,0,0,0,0,0,1,0,0
"O'Leary, Alex","Rensselaer","2023","Freshman","Ls",1,0,0,0,0,0,0,0,0,0,0,0,0,0,0,0,0,0,0,0,0,0,0,0,0,0,0,0,0,0,0,0,0,0,0,0,0,0,0,0,0,0,0,0,0,0,0,1,0,0
"Malone, Tanner","Rensselaer","2023","Freshman","DB",1,0,0,0,0,0,0,0,0,0,0,0,0,0,0,0,0,0,0,0,0,0,0,0,0,0,0,0,0,0,0,0,0,0,0,0,0,0,0,0,0,0,0,0,0,0,1,0,0,0
"McCollister, Davis","Rensselaer","2023","Freshman","DB",1,0,0,0,0,0,0,0,0,0,0,0,0,0,0,0,0,0,0,0,0,0,0,0,0,0,0,0,0,0,0,0,0,0,0,0,0,0,0,0,0,0,0,0,0,0,0,1,0,0
"Morello, JT","Rensselaer","2023","Sophomore","OL",11,0,0,0,0,0,0,0,0,0,0,0,0,0,0,0,0,0,0,0,0,0,0,0,0,0,0,0,0,0,0,0,0,0,0,0,0,0,0,0,0,0,0,0,0,0,1,0,0,0
"Newton, Cole","Rensselaer","2023","Freshman","DL",3,0,0,0,0,0,0,0,0,0,0,0,0,0,0,0,0,0,0,0,0,0,0,0,0,0,0,0,0,0,0,0,0,0,0,0,0,0,0,0,0,0,0,0,0,0,0,1,0,0
"Kwak, JiMin","Rensselaer","2023","Freshman","DL",10,0,0,0,0,0,0,0,0,0,0,0,0,0,0,0,0,0,0,0,0,0,0,0,0,0,0,0,0,0,0,0,0,0,0,0,0,0,0,0,0,0,0,0,0,0,0,1,0,0
"Poknis, P.J.","Rensselaer","2023","Freshman","LB",1,0,0,0,0,0,0,0,0,0,0,0,0,0,0,0,0,0,0,0,0,0,0,0,0,0,0,0,0,0,0,0,0,0,0,0,0,0,0,0,0,0,0,0,0,0,1,0,0,0
"Russell, Chris","Rensselaer","2023","Freshman","DL",1,0,0,0,0,0,0,0,0,0,0,0,0,0,0,0,0,0,0,0,0,0,0,0,0,0,0,0,0,0,0,0,0,0,0,0,0,0,0,0,0,0,0,0,0,0,0,1,0,0
"Maric, Aleksandar","Rensselaer","2023","Sophomore","K/P",5,0,0,0,0,0,0,2,2,1,1,0,0,0,0,13,700,1,0,0,0,0,0,0,0,0,0,0,0,0,0,0,0,0,0,0,0,0,0,0,0,0,0,0,0,0,0,0,0,0
"Franzese, Chris","Rensselaer","2023","Freshman","WR",0,0,0,0,0,0,0,0,0,0,0,0,0,0,0,0,0,0,1,0,19,0,0,0,0,0,0,0,0,0,0,0,0,0,0,0,0,0,0,0,0,0,0,0,0,0,0,0,0,0
"Gagliardi, Nick","Rensselaer","2023","Senior","TE",0,0,0,0,0,0,0,0,0,0,0,0,0,0,0,0,0,0,1,0,3,0,0,0,0,0,0,0,0,0,0,0,0,0,0,0,0,0,0,0,0,0,0,0,0,0,0,0,0,0
"White, Kayden","Rensselaer","2024","Sophomore","RB",9,0,0,0,0,0,0,0,0,0,0,0,0,0,0,0,0,0,4,0,90,0,0,0,0,0,0,0,1,0,3,0,0,0,0,13,78,0,88,484,494,10,8,0,0,0,1,0,0,0
"Ming, Dameon","Rensselaer","2024","Senior","RB",10,0,0,0,0,0,0,0,0,0,0,0,0,0,0,0,0,0,0,0,0,0,0,0,0,0,0,0,0,0,0,0,0,0,0,8,88,0,66,252,269,17,2,0,0,0,1,0,0,0
"Buckley, Cristian","Rensselaer","2024","Senior","RB",8,0,0,0,0,0,0,0,0,0,0,0,0,0,0,0,0,0,1,0,23,0,0,0,0,0,0,0,0,0,0,0,0,0,0,6,30,1,44,143,167,24,2,0,0,0,0,0,0,0
"Hughes, Kevin","Rensselaer","2024","Senior","RB",6,0,0,0,0,0,0,0,0,0,0,0,0,0,0,0,0,0,0,0,0,0,0,0,0,0,0,0,0,0,0,0,0,0,0,1,8,1,17,107,108,1,1,0,0,0,3,0,0,0
"Garbolino, Frankie","Rensselaer","2024","Sophomore","QB",5,0,0,0,0,0,0,0,0,0,0,0,0,0,0,0,0,0,0,0,0,0,0,8,5,1,24,0,0,0,0,0,0,0,0,0,0,0,9,56,56,0,1,0,0,0,0,0,0,0
"Encarnacion, RJ","Rensselaer","2024","Junior","SR",9,0,1,0,0,0,0,0,0,0,0,0,0,0,0,0,0,0,9,0,195,0,0,0,0,0,0,0,0,1,0,0,0,0,0,12,140,1,6,51,52,1,0,0,0,0,3,1,0,0
"Ruta, Frank","Rensselaer","2024","Sophomore","RB",6,0,0,0,0,0,0,0,0,0,0,0,0,0,0,0,0,0,2,0,16,0,0,0,0,0,0,0,0,0,0,0,0,0,0,0,0,0,4,12,12,0,0,0,0,0,0,0,0,0
"Connolly, Luke","Rensselaer","2024","Junior","QB",2,0,0,0,0,0,0,0,0,0,0,0,0,0,0,0,0,0,0,0,0,0,0,0,0,0,0,0,0,0,0,0,0,0,0,0,0,0,3,10,19,9,0,0,0,0,0,0,0,0
"Faraday, Hayden","Rensselaer","2024","Junior","WR",8,0,0,0,0,0,0,0,0,0,0,0,0,0,0,0,0,0,0,0,0,0,0,0,0,0,0,0,0,0,0,0,0,0,0,37,467,2,2,7,7,0,0,0,0,0,0,0,0,0
"DeMatteo, Anthony","Rensselaer","2024","Junior","QB",7,0,0,0,0,0,0,0,0,0,0,0,0,0,0,0,0,0,0,0,0,0,0,61,42,2,706,5,0,0,0,0,0,0,0,0,0,0,13,3,31,28,1,0,0,0,0,0,0,0
"Kelly, Sean","Rensselaer","2024","Senior","WR",10,0,0,0,0,0,0,0,0,0,0,0,0,0,0,0,0,0,0,0,0,0,0,0,0,0,0,0,6,0,39,0,0,0,0,65,702,4,1,3,3,0,0,0,0,0,0,1,0,0
"Kazanowsky, Jake","Rensselaer","2024","Senior","QB",9,0,0,0,0,0,0,0,0,0,0,0,0,0,0,0,0,0,0,0,0,0,0,234,147,9,1547,9,0,0,0,0,1,21,0,0,0,0,56,-2,160,162,2,0,0,0,1,0,0,0
"Balzarini, Micah","Rensselaer","2024","Freshman","QB",1,0,0,0,0,0,0,0,0,0,0,0,0,0,0,0,0,0,0,0,0,0,0,0,0,0,0,0,0,0,0,0,0,0,0,0,0,0,1,-5,0,5,0,0,0,0,0,0,0,0
"Nickelson, Paisley","Rensselaer","2024","Junior","WR",10,0,0,0,0,0,0,0,0,0,0,0,0,0,0,0,0,0,0,0,0,0,0,0,0,0,0,0,0,0,0,0,0,0,0,13,256,3,0,0,0,0,0,0,0,0,1,0,0,0
"McGoey, Jimmy","Rensselaer","2024","Senior","WR",8,0,0,0,0,0,0,0,0,0,0,0,0,0,0,0,0,0,0,0,0,0,0,0,0,0,0,0,0,0,0,0,0,0,0,12,233,0,0,0,0,0,0,0,0,0,0,0,0,0
"Allison, Shane","Rensselaer","2024","Senior","TE",10,0,0,0,0,0,0,0,0,0,0,0,0,0,0,0,0,0,0,0,0,0,0,0,0,0,0,0,0,0,0,0,0,0,0,13,108,1,0,0,0,0,0,0,0,0,0,0,0,0
"Swanger, Gage","Rensselaer","2024","Sophomore","WR",3,0,0,0,0,0,0,0,0,0,0,0,0,0,0,0,0,0,0,0,0,0,0,0,0,0,0,0,0,0,0,0,0,0,0,2,55,0,0,0,0,0,0,0,0,0,0,0,0,0
"Cruz, Connor","Rensselaer","2024","Freshman","WR",5,0,0,0,0,0,0,0,0,0,0,0,0,0,0,0,0,0,0,0,0,0,0,0,0,0,0,0,0,0,0,0,0,0,0,3,54,1,0,0,0,0,0,0,0,0,0,0,0,0
"Grant, Dalton","Rensselaer","2024","Sophomore","WR",5,0,0,0,0,0,0,0,0,0,0,0,0,0,0,0,0,0,0,0,0,0,0,0,0,0,0,0,0,0,0,0,0,0,0,4,28,0,0,0,0,0,0,0,0,0,1,0,0,0
"Young, Josh","Rensselaer","2024","Sophomore","TE",7,0,0,0,0,0,0,0,0,0,0,0,0,0,0,0,0,0,0,0,0,0,0,0,0,0,0,0,0,0,0,0,0,0,0,3,23,0,0,0,0,0,0,0,0,0,1,0,0,0
"Peterson, Robbie","Rensselaer","2024","Freshman","WR",2,0,0,0,0,0,0,0,0,0,0,0,0,0,0,0,0,0,0,0,0,0,0,0,0,0,0,0,0,0,0,0,0,0,0,1,5,0,0,0,0,0,0,0,0,0,0,0,0,0
"Ghadiali, Neil","Rensselaer","2024","Junior","WR",2,0,0,0,0,0,0,0,0,0,0,0,0,0,0,0,0,0,0,0,0,0,0,0,0,0,0,0,0,0,0,0,0,0,0,1,2,0,0,0,0,0,0,0,0,0,0,0,0,0
"Centrella, Eamon","Rensselaer","2024","Sophomore","OL",10,0,0,0,0,0,0,0,0,0,0,0,0,0,0,0,0,0,0,0,0,0,0,0,0,0,0,0,0,0,0,0,0,0,0,0,0,0,0,0,0,0,0,0,0,0,1,0,0,0
"Connelly, Jon","Rensselaer","2024","Senior","LB",8,0,1,0,0,0,0,0,0,0,0,0,0,0,0,0,0,0,0,0,0,0,0,0,0,0,0,0,1,0,14,0,0,0,0,0,0,0,0,0,0,0,0,0,0,0,8,1,1,5
"Ehui, Nate","Rensselaer","2024","Freshman","WR",2,0,0,0,0,0,0,0,0,0,0,0,0,0,0,0,0,0,0,0,0,0,0,0,0,0,0,0,0,0,0,0,0,0,0,0,0,0,0,0,0,0,0,0,0,0,0,0,0,0
"Gurung, Adrien","Rensselaer","2024","Freshman","RB",2,0,0,0,0,0,0,0,0,0,0,0,0,0,0,0,0,0,0,0,0,0,0,0,0,0,0,0,0,0,0,0,0,0,0,0,0,0,0,0,0,0,0,0,0,0,0,0,0,0
"Ierardi, Jared","Rensselaer","2024","Freshman","WR",5,0,0,0,0,0,0,0,0,0,0,0,0,0,0,0,0,0,0,0,0,0,0,0,0,0,0,0,3,0,2,0,0,0,0,0,0,0,0,0,0,0,0,0,0,0,0,0,0,0
"D'Agostino, Anthony","Rensselaer","2024","Senior","LB",10,0,1,1,0,0,0,0,0,0,0,0,0,0,0,0,0,0,0,0,0,5,2,0,0,0,0,0,0,0,0,0,0,0,0,0,0,0,0,0,0,0,0,1,6,0,44,33,7,21
"Garrett, Cortez","Rensselaer","2024","Junior","DB",10,1,0,0,0,0,0,0,0,0,0,0,0,0,0,0,0,0,0,0,0,3,3,0,0,0,0,0,0,0,0,0,0,0,0,0,0,0,0,0,0,0,0,0,0,0,34,15,0,0
"Lapioli, Mark","Rensselaer","2024","Senior","LB",10,0,0,1,0,0,0,0,0,0,0,0,0,0,0,0,0,0,0,0,0,2,2,0,0,0,0,0,0,0,0,0,0,0,0,0,0,0,0,0,0,0,0,3,24,0,22,24,8,33
"Fernandez, Diego","Rensselaer","2024","Graduate","DB",10,1,0,0,0,0,0,0,0,0,0,0,0,0,0,0,0,0,0,0,0,2,0,0,0,0,0,0,0,0,0,0,0,0,0,0,0,0,0,0,0,0,0,0,0,0,24,20,0.5,1
"Johnson, Cassius","Rensselaer","2024","Junior","DB",10,0,0,0,0,0,0,0,0,0,0,0,0,0,0,0,0,0,12,0,338,11,0,0,0,0,0,0,0,0,0,0,0,0,0,0,0,0,0,0,0,0,0,0,0,0,28,16,1,4
"Sicard, Nate","Rensselaer","2024","Senior","DL",10,0,2,2,0,0,0,0,0,0,0,0,0,0,0,0,0,0,0,0,0,2,0,0,0,0,0,0,0,0,0,0,0,0,0,0,0,0,0,0,0,0,0,6,32,0,24,20,12,44
"Garrison, Cole","Rensselaer","2024","Graduate","DL",10,0,0,0,0,0,0,0,0,0,0,0,0,0,0,0,0,0,0,0,0,0,0,0,0,0,0,0,0,0,0,0,0,0,0,0,0,0,0,0,0,0,0,3.5,32,0,16,24,7,41
"Boland, Owen","Rensselaer","2024","Sophomore","DL",10,2,0,0,0,0,0,0,0,0,0,0,0,0,0,0,0,0,0,0,0,1,0,0,0,0,0,0,0,0,0,0,0,0,0,0,0,0,0,0,0,0,0,2,10,0,15,24,3.5,11
"Borkowski, Jon","Rensselaer","2024","Junior","DB",10,0,0,0,0,0,0,0,0,0,0,0,0,0,0,0,0,0,0,0,0,4,1,0,0,0,0,0,0,0,0,0,0,0,0,0,0,0,0,0,0,0,0,0,0,0,28,9,1,3
"Von Tobel, Desmond","Rensselaer","2024","Senior","LB",9,1,0,0,0,0,0,0,0,0,0,0,0,0,0,0,0,0,0,0,0,2,0,0,0,0,0,0,0,0,0,0,0,0,0,0,0,0,0,0,0,0,0,1.5,9,0,16,15,3.5,11
"Lafferty, Miles","Rensselaer","2024","Junior","DB",2,0,0,0,0,0,0,0,0,0,0,0,0,0,0,0,0,0,0,0,0,1,0,0,0,0,0,0,0,0,0,0,0,0,0,0,0,0,0,0,0,0,0,0,0,0,11,9,0,0
"Poknis, P.J.","Rensselaer","2024","Sophomore","LB",9,0,0,0,0,0,0,0,0,0,0,0,0,0,0,0,0,0,0,0,0,1,1,0,0,0,0,0,0,0,0,0,0,0,0,0,0,0,0,0,0,0,0,0,0,0,7,4,0,0
"Terrizzi, Blake","Rensselaer","2024","Graduate","DL",8,1,0,0,0,0,0,0,0,0,0,0,0,0,0,0,0,0,0,0,0,1,0,0,0,0,0,0,0,0,0,0,0,0,0,0,0,0,0,0,0,0,0,0,0,0,6,4,0,0
"Dow, Ryan","Rensselaer","2024","Junior","DB",8,0,0,0,0,0,0,0,0,0,0,0,0,0,0,0,0,0,0,0,0,2,0,0,0,0,0,0,0,0,0,0,0,0,0,0,0,0,0,0,0,0,0,0,0,0,5,3,0,0
"Frederic, Succes","Rensselaer","2024","Senior","LB",9,0,0,0,0,0,0,0,0,0,0,0,0,0,0,0,0,0,0,0,0,0,0,0,0,0,0,0,0,0,0,0,0,0,0,0,0,0,0,0,0,0,0,1,9,0,6,2,1,9
"Mulvaney, Thomas","Rensselaer","2024","Junior","DB",7,0,0,0,0,0,0,0,0,0,0,0,0,0,0,0,0,0,0,0,0,0,0,0,0,0,0,0,0,0,0,0,0,0,0,0,0,0,0,0,0,0,0,0,0,0,5,2,0,0
"Bekkenhuis, Aidan","Rensselaer","2024","Sophomore","DB",9,0,0,0,0,0,0,0,0,0,0,0,0,0,0,0,0,0,0,0,0,0,0,0,0,0,0,0,0,0,0,0,0,0,0,0,0,0,0,0,0,0,0,0,0,0,4,1,0,0
"Korfonta, Tristan","Rensselaer","2024","Sophomore","LB",6,0,0,0,0,0,0,0,0,0,0,0,0,0,0,0,0,0,0,0,0,0,2,0,0,0,0,0,0,0,0,0,0,0,0,0,0,0,0,0,0,0,0,0,0,0,4,1,0,0
"Krauza, Matt","Rensselaer","2024","Sophomore","DB",8,0,0,0,0,0,0,0,0,0,0,0,0,0,0,0,0,0,0,0,0,0,0,0,0,0,0,0,0,0,0,0,0,0,0,0,0,0,0,0,0,0,0,0,0,0,4,1,0,0
"Mackell, Thomas","Rensselaer","2024","Sophomore","DL",5,0,0,0,0,0,0,0,0,0,0,0,0,0,0,0,0,0,0,0,0,0,0,0,0,0,0,0,0,0,0,0,0,0,0,0,0,0,0,0,0,0,0,0,0,0,1,4,0.5,1
"Johnson, Ethan","Rensselaer","2024","Junior","DL",5,0,0,0,0,0,0,0,0,0,0,0,0,0,0,0,0,0,0,0,0,0,0,0,0,0,0,0,0,0,0,0,0,0,0,0,0,0,0,0,0,0,0,1,5,0,4,0,2,6
"Smith, TJ","Rensselaer","2024","Freshman","LB",5,0,0,0,0,0,0,0,0,0,0,0,0,0,0,0,0,0,0,0,0,0,0,0,0,0,0,0,0,0,0,0,0,0,0,0,0,0,0,0,0,0,0,0,0,0,2,2,0,0
"Grosjean, Jake","Rensselaer","2024","Senior","DL",4,0,0,0,0,0,0,0,0,0,0,0,0,0,0,0,0,0,0,0,0,0,0,0,0,0,0,0,0,0,0,0,0,0,0,0,0,0,0,0,0,0,0,0,0,0,2,1,0,0
"Kabiawu, Tommy","Rensselaer","2024","Senior","DB",6,0,0,1,0,0,0,0,0,0,0,0,0,0,0,0,0,0,0,0,0,0,0,0,0,0,0,0,0,0,0,0,0,0,0,0,0,0,0,0,0,0,0,0,0,0,3,0,0,0
"Kalinowski, David","Rensselaer","2024","Senior","LB",5,0,0,1,0,0,0,0,0,0,0,0,0,0,0,0,0,0,0,0,0,0,0,0,0,0,0,0,0,0,0,0,0,0,0,0,0,0,0,0,0,0,0,0,0,0,3,0,0,0
"Lavello, Luke","Rensselaer","2024","Freshman","DB",7,0,0,0,0,0,0,0,0,0,0,0,0,0,0,0,0,0,0,0,0,0,0,0,0,0,0,0,0,0,0,0,0,0,0,0,0,0,0,0,0,0,0,0,0,0,2,1,0,0
"Olavarria, Marco","Rensselaer","2024","Senior","DB",4,0,0,0,0,0,0,0,0,0,0,0,0,0,0,0,0,0,0,0,0,0,0,0,0,0,0,0,0,0,0,0,0,0,0,0,0,0,0,0,0,0,0,0,0,0,2,1,0,0
"Schumaker, Jack","Rensselaer","2024","Senior","LB",4,0,0,0,0,0,0,0,0,0,0,0,0,0,0,0,0,0,0,0,0,0,0,0,0,0,0,0,0,0,0,0,0,0,0,0,0,0,0,0,0,0,0,0.5,6,0,1,2,0.5,6
"Wolo, Jeremiah","Rensselaer","2024","Senior","DB",5,0,0,0,0,0,0,0,0,0,0,0,0,0,0,0,0,0,0,0,0,0,1,0,0,0,0,0,0,0,0,0,0,0,0,0,0,0,0,0,0,0,0,0,0,0,3,0,0,0
"Meadows, Aaron","Rensselaer","2024","Freshman","DL",4,0,0,0,0,0,0,0,0,0,0,0,0,0,0,0,0,0,0,0,0,0,0,0,0,0,0,0,0,0,0,0,0,0,0,0,0,0,0,0,0,0,0,0,0,0,2,0,0,0
"O'Keefe, Patrick","Rensselaer","2024","Sophomore","DL",5,1,0,0,0,0,0,0,0,0,0,0,0,0,0,0,0,0,0,0,0,0,0,0,0,0,0,0,0,0,0,0,0,0,0,0,0,0,0,0,0,0,0,0,0,0,0,2,0,0
"Terrelonge, Cylan","Rensselaer","2024","Senior","LB",4,0,0,0,0,0,0,0,0,0,0,0,0,0,0,0,0,0,0,0,0,0,0,0,0,0,0,0,0,0,0,0,0,0,0,0,0,0,0,0,0,0,0,0,0,0,1,1,0,0
"Ahrens, Joshua","Rensselaer","2024","Junior","LB",7,0,0,0,0,0,0,0,0,0,0,0,0,0,0,0,0,0,1,0,7,0,0,0,0,0,0,0,0,0,0,0,0,0,0,0,0,0,0,0,0,0,0,0,0,0,1,0,0,0
"Chappa, Jack","Rensselaer","2024","Freshman","DL",1,0,0,0,0,0,0,0,0,0,0,0,0,0,0,0,0,0,0,0,0,0,0,0,0,0,0,0,0,0,0,0,0,0,0,0,0,0,0,0,0,0,0,0.5,5,0,0,1,0.5,5
"Connelly, Luke","Rensselaer","2024","Freshman","DB",1,0,0,0,0,0,0,0,0,0,0,0,0,0,0,0,0,0,0,0,0,0,0,0,0,0,0,0,0,0,0,0,0,0,0,0,0,0,0,0,0,0,0,0,0,0,0,1,0,0
"Gray, Hayden","Rensselaer","2024","Junior","K/P",6,0,0,0,0,0,0,0,0,0,0,0,0,0,0,24,1381,1,0,0,0,0,0,0,0,0,0,0,0,0,0,0,0,0,0,0,0,0,0,0,0,0,0,0,0,0,0,1,0,0
"Hersh, Lance","Rensselaer","2024","Freshman","DB",2,0,0,0,0,0,0,0,0,0,0,0,0,0,0,0,0,0,0,0,0,0,0,0,0,0,0,0,0,0,0,0,0,0,0,0,0,0,0,0,0,0,0,0,0,0,0,1,0,0
"Monteiro, Aidan","Rensselaer","2024","Senior","OL",10,0,0,0,0,0,0,0,0,0,0,0,0,0,0,0,0,0,0,0,0,0,0,0,0,0,0,0,0,0,0,0,0,0,0,0,0,0,0,0,0,0,0,0,0,0,1,0,0,0
"Oshodi, Matthew","Rensselaer","2024","Senior","DB",2,0,0,0,0,0,0,0,0,0,0,0,0,0,0,0,0,0,0,0,0,1,0,0,0,0,0,0,0,0,0,0,0,0,0,0,0,0,0,0,0,0,0,0,0,0,1,0,0,0
"Russell, Chris","Rensselaer","2024","Sophomore","DL",1,0,0,0,0,0,0,0,0,0,0,0,0,0,0,0,0,0,0,0,0,0,0,0,0,0,0,0,0,0,0,0,0,0,0,0,0,0,0,0,0,0,0,0,0,0,1,0,0,0
"Shaner, Ryan","Rensselaer","2024","Sophomore","OL",10,0,0,0,0,0,0,0,0,0,0,0,0,0,0,0,0,0,0,0,0,0,0,0,0,0,0,0,0,0,0,0,0,0,0,0,0,0,0,0,0,0,0,0,0,0,0,1,0,0
"White, RJ","Rensselaer","2024","Freshman","DB",1,0,0,0,0,0,0,0,0,0,0,0,0,0,0,0,0,0,0,0,0,0,0,0,0,0,0,0,0,0,0,0,0,0,0,0,0,0,0,0,0,0,0,0,0,0,1,0,0,0
"Bergamaschi, Norman","Rensselaer","2024","Freshman","DL",2,0,0,0,0,0,0,0,0,0,0,0,0,0,0,0,0,0,0,0,0,1,0,0,0,0,0,0,0,0,0,0,0,0,0,0,0,0,0,0,0,0,0,0,0,0,0,0,0,0
"Maric, Aleksandar","Rensselaer","2024","Junior","K/P",10,0,0,0,0,0,0,4,5,2,4,0,0,0,0,25,1445,3,0,0,0,0,0,0,0,0,0,0,0,0,0,0,0,0,0,0,0,0,0,0,0,0,0,0,0,0,0,0,0,0
"Burke, Anderson","Rensselaer","2024","Junior","P/K",0,0,0,0,0,0,0,0,0,0,0,0,0,0,0,0,0,0,0,0,0,0,0,0,0,0,0,0,0,0,0,9,39,1436,0,0,0,0,0,0,0,0,0,0,0,0,0,0,0,0
"White, Kayden","Rensselaer","2025","Junior","RB",11,0,0,0,0,0,0,0,0,0,0,0,0,0,0,0,0,0,1,0,23,0,0,0,0,0,0,0,0,0,0,0,0,0,0,22,169,2,167,1019,1057,38,19,0,0,0,0,0,0,0
"Gurung, Adrien","Rensselaer","2025","Sophomore","RB",10,0,0,0,0,0,0,0,0,0,0,0,0,0,0,0,0,0,0,0,0,0,0,0,0,0,0,0,0,0,0,0,0,0,0,6,59,0,62,198,223,25,2,0,0,0,1,1,0,0
"DeMatteo, Anthony","Rensselaer","2025","Senior","QB",11,0,0,0,0,0,0,0,0,0,0,0,0,0,0,0,0,0,2,0,49,0,0,254,158,8,1971,16,0,0,0,0,0,0,0,0,0,0,42,157,202,45,2,0,0,0,0,0,0,0
"Ahrens, Joshua","Rensselaer","2025","Senior","RB",4,0,0,0,0,0,0,0,0,0,0,0,0,0,0,0,0,0,0,0,0,0,0,0,0,0,0,0,0,0,0,0,0,0,0,1,5,0,16,65,68,3,1,0,0,0,0,0,0,0
"Henehan, Jake","Rensselaer","2025","Freshman","RB",3,0,0,0,0,0,0,0,0,0,0,0,0,0,0,0,0,0,0,0,0,0,0,0,0,0,0,0,0,0,0,0,0,0,0,0,0,0,5,54,54,0,1,0,0,0,0,0,0,0
"Encarnacion, RJ","Rensselaer","2025","Senior","SR",11,0,0,0,0,0,0,0,0,0,0,0,0,0,0,0,0,0,0,0,0,0,0,1,0,0,0,0,0,1,11,0,0,0,0,11,95,1,6,52,52,0,1,0,0,0,0,0,0,0
"Garbolino, Frankie","Rensselaer","2025","Junior","QB",7,0,0,0,0,0,0,0,0,0,0,0,0,0,0,0,0,0,0,0,0,0,0,13,8,0,63,1,0,0,0,0,0,0,0,0,0,0,10,38,38,0,1,0,0,0,1,0,0,0
"Ehui, Nate","Rensselaer","2025","Sophomore","WR",11,0,0,0,0,0,0,0,0,0,0,0,0,0,0,0,0,0,0,0,0,0,0,1,1,0,37,0,0,0,0,0,0,0,0,17,276,1,3,24,24,0,0,0,0,0,1,0,0,0
"Hernandez, Sergio","Rensselaer","2025","Freshman","RB",4,0,0,0,0,0,0,0,0,0,0,0,0,0,0,0,0,0,1,0,19,0,0,0,0,0,0,0,0,0,0,0,0,0,0,0,0,0,6,18,18,0,0,0,0,0,0,0,0,0
"Balzarini, Micah","Rensselaer","2025","Sophomore","QB",4,0,0,0,0,0,0,0,0,0,0,0,0,0,0,0,0,0,0,0,0,0,0,8,3,0,58,0,0,0,0,0,0,0,0,1,7,0,6,14,20,6,0,0,0,0,0,0,0,0
"Swanger, Gage","Rensselaer","2025","Junior","WR",10,0,0,0,0,0,0,0,0,0,0,0,0,0,0,0,0,0,4,0,102,0,0,0,0,0,0,0,21,2,411,0,0,0,0,7,86,1,3,8,11,3,0,0,0,0,0,0,0,0
"Nickelson, Paisley","Rensselaer","2025","Senior","WR",11,0,0,0,0,0,0,0,0,0,0,0,0,0,0,0,0,0,0,0,0,0,0,0,0,0,0,0,0,0,0,0,0,0,0,32,429,1,1,6,6,0,0,0,0,0,1,1,0,0
"Fondelius, Lex","Rensselaer","2025","Sophomore","TE",7,0,0,0,0,0,0,0,0,0,0,0,0,0,0,0,0,0,2,0,-13,0,0,0,0,0,0,0,0,0,0,0,0,0,0,1,2,0,1,1,1,0,1,0,0,0,0,0,0,0
"Young, Josh","Rensselaer","2025","Junior","TE",11,0,0,0,0,0,0,0,0,0,0,0,0,0,0,0,0,0,0,0,0,0,0,0,0,0,0,0,0,0,0,0,0,0,0,27,376,6,1,0,0,0,0,0,0,0,0,0,0,0
"Davis Jr., Clyde","Rensselaer","2025","Senior","RB",1,0,0,0,0,0,0,0,0,0,0,0,0,0,0,0,0,0,0,0,0,0,0,0,0,0,0,0,0,0,0,0,0,0,0,0,0,0,1,-2,0,2,0,0,0,0,0,0,0,0
"Peterson, Robbie","Rensselaer","2025","Sophomore","WR",11,0,0,0,0,0,0,0,0,0,0,0,0,0,0,0,0,0,0,0,0,0,0,0,0,0,0,0,0,0,0,0,0,0,0,15,267,1,0,0,0,0,0,0,0,0,1,0,0,0
"Grant, Dalton","Rensselaer","2025","Junior","WR",11,0,1,0,0,0,0,0,0,0,0,0,0,0,0,0,0,0,0,0,0,0,0,0,0,0,0,0,1,0,5,0,0,0,0,16,210,2,0,0,0,0,0,0,0,0,1,3,0,0
"Hunter, Grayson","Rensselaer","2025","Junior","TE",8,0,0,0,0,0,0,0,0,0,0,0,0,0,0,0,0,0,1,0,0,0,0,0,0,0,0,0,0,0,0,0,0,0,0,9,85,0,0,0,0,0,0,0,0,0,0,0,0,0
"Ahle, Chris","Rensselaer","2025","Junior","WR",6,0,0,0,0,0,0,0,0,0,0,0,0,0,0,0,0,0,0,0,0,0,0,0,0,0,0,0,0,0,0,0,0,0,0,4,51,2,0,0,0,0,0,0,0,0,1,0,0,0
"Cruz, Connor","Rensselaer","2025","Sophomore","WR",3,0,0,0,0,0,0,0,0,0,0,0,0,0,0,0,0,0,0,0,0,0,0,0,0,0,0,0,0,0,0,0,0,0,0,1,12,0,0,0,0,0,0,0,0,0,0,0,0,0
"Bailey, Cameron","Rensselaer","2025","Freshman","LB",2,0,0,0,0,0,0,0,0,0,0,0,0,0,0,0,0,0,0,0,0,0,0,0,0,0,0,0,0,0,0,0,0,0,0,0,0,0,0,0,0,0,0,0,0,0,0,0,0,0
"Lafferty, Miles","Rensselaer","2025","Senior","DB",11,0,0,0,0,0,0,0,0,0,0,0,0,0,0,0,0,0,0,0,0,2,0,0,0,0,0,0,0,0,0,0,0,0,0,0,0,0,0,0,0,0,0,4,27,0,47,33,9.5,43
"Krauza, Matt","Rensselaer","2025","Junior","DB",11,1,0,0,0,0,0,0,0,0,0,0,0,0,0,0,0,0,0,0,0,6,0,0,0,0,0,0,0,0,0,0,0,0,0,0,0,0,0,0,0,0,0,1.5,9,0,34,32,6,17
"Boland, Owen","Rensselaer","2025","Junior","DL",11,2,0,1,0,0,0,0,0,0,0,0,0,0,0,0,0,0,0,0,0,0,0,0,0,0,0,0,0,0,0,0,0,0,0,0,0,0,0,0,0,0,0,3,18,0,22,25,8.5,25
"Bekkenhuis, Aidan","Rensselaer","2025","Junior","DB",11,0,0,1,0,0,0,0,0,0,0,0,0,0,0,0,0,0,0,0,0,3,0,0,0,0,0,0,0,0,0,0,0,0,0,0,0,0,0,0,0,0,0,0,0,0,27,16,2,17
"Johnson, Cassius","Rensselaer","2025","Senior","DB",11,0,0,0,0,0,0,0,0,0,0,0,0,0,0,0,0,0,11,0,329,2,3,0,0,0,0,0,0,0,0,0,0,0,0,0,0,0,0,0,0,0,0,0,0,0,28,13,1.5,2
"Lavello, Luke","Rensselaer","2025","Sophomore","DB",11,1,1,0,0,0,0,0,0,0,0,0,0,0,0,0,0,0,0,0,0,2,1,0,0,0,0,0,1,0,28,0,0,0,0,0,0,0,0,0,0,0,0,0,0,0,22,19,2,3
"O'Keefe, Patrick","Rensselaer","2025","Junior","DL",11,1,0,0,0,0,0,0,0,0,0,0,0,0,0,0,0,0,0,0,0,2,0,0,0,0,0,0,0,0,0,0,0,0,0,0,0,0,0,0,0,0,0,3.5,17,0,14,24,7.5,25
"Poknis, P.J.","Rensselaer","2025","Junior","LB",8,1,0,0,0,0,0,0,0,0,0,0,0,0,0,0,0,0,0,0,0,0,0,0,0,0,0,0,0,0,0,0,0,0,0,0,0,0,0,0,0,0,0,0.5,0,0,16,18,2,2
"Connolly, Luke","Rensselaer","2025","Sophomore","DB",11,0,0,0,0,0,0,0,0,0,0,0,0,0,0,0,0,0,0,0,0,4,1,0,0,0,0,0,0,0,0,0,0,0,0,0,0,0,0,0,0,0,0,0,0,0,18,13,3,8
"Garrett, Cortez","Rensselaer","2025","Senior","DB",8,1,0,2,0,0,0,0,0,0,0,0,0,0,0,0,0,0,0,0,0,2,2,0,0,0,0,0,0,0,0,0,0,0,0,0,0,0,0,0,0,0,0,0,0,0,19,10,1,9
"Mulvaney, Thomas","Rensselaer","2025","Senior","DB",11,0,0,1,0,0,0,0,0,0,0,0,0,0,0,0,0,0,7,1,214,7,1,0,0,0,0,0,3,0,40,0,0,0,0,0,0,0,0,0,0,0,0,0,0,0,17,11,1,2
"Chadwick, T.J.","Rensselaer","2025","Junior","DL",11,0,0,1,0,0,0,0,0,0,0,0,0,0,0,0,0,0,0,0,0,0,0,0,0,0,0,0,0,0,0,0,0,0,0,0,0,0,0,0,0,0,0,5.5,35,0,13,12,5.5,35
"Borkowski, Jon","Rensselaer","2025","Senior","DB",11,0,0,0,0,0,0,0,0,0,0,0,0,0,0,0,0,0,0,0,0,4,0,0,0,0,0,0,0,0,0,0,0,0,0,0,0,0,0,0,0,0,0,0,0,0,13,11,0.5,0
"Santarelli, Gianluca","Rensselaer","2025","Sophomore","DL",11,0,0,2,0,0,0,0,0,0,0,0,0,0,0,0,0,0,0,0,0,0,0,0,0,0,0,0,0,0,0,0,0,0,0,0,0,0,0,0,0,0,0,3.5,41,0,14,10,10.5,63
"Korfonta, Tristan","Rensselaer","2025","Junior","LB",8,0,0,0,0,0,0,0,0,0,0,0,0,0,0,0,0,0,0,0,0,0,0,0,0,0,0,0,0,0,0,0,0,0,0,0,0,0,0,0,0,0,0,0,0,0,6,15,1,2
"Smith, TJ","Rensselaer","2025","Sophomore","LB",4,0,0,0,0,0,0,0,0,0,0,0,0,0,0,0,0,0,0,0,0,0,0,0,0,0,0,0,0,0,0,0,0,0,0,0,0,0,0,0,0,0,0,1,8,0,14,6,1,8
"Simmons, Cooper","Rensselaer","2025","Sophomore","LB",9,0,0,0,0,0,0,0,0,0,0,0,0,0,0,0,0,0,0,0,0,0,1,0,0,0,0,0,0,0,0,0,0,0,0,0,0,0,0,0,0,0,0,0.5,4,0,8,11,3,10
"Kramer, Griffin","Rensselaer","2025","Sophomore","LB",8,0,0,0,0,0,0,0,0,0,0,0,0,0,0,0,0,0,0,0,0,0,1,0,0,0,0,0,0,0,0,0,0,0,0,0,0,0,0,0,0,0,0,3,14,0,13,4,3.5,17
"Rossi, Nicholas","Rensselaer","2025","Freshman","LB",9,0,0,2,0,0,0,0,0,0,0,0,0,0,0,0,0,0,0,0,0,0,0,0,0,0,0,0,0,0,0,0,0,0,0,0,0,0,0,0,0,0,0,1,9,0,10,7,1,9
"Terrelonge, Cylan","Rensselaer","2025","Graduate","LB",9,1,0,0,0,0,0,0,0,0,0,0,0,0,0,0,0,0,0,0,0,0,0,0,0,0,0,0,0,0,0,0,0,0,0,0,0,0,0,0,0,0,0,0.5,5,0,11,6,2.5,7
"Dochat, Scott","Rensselaer","2025","Graduate","DL",9,0,0,1,0,0,0,0,0,0,0,0,0,0,0,0,0,0,0,0,0,0,0,0,0,0,0,0,0,0,0,0,0,0,0,0,0,0,0,0,0,0,0,2,14,0,6,9,4.5,20
"Hersh, Lance","Rensselaer","2025","Sophomore","DB",8,1,0,0,0,0,0,0,0,0,0,0,0,0,0,0,0,0,0,0,0,0,0,0,0,0,0,0,0,0,0,0,0,0,0,0,0,0,0,0,0,0,0,0,0,0,10,2,0,0
"Walker, Jonathan","Rensselaer","2025","Freshman","DB",6,0,0,0,0,0,0,0,0,0,0,0,0,0,0,0,0,0,0,0,0,1,0,0,0,0,0,0,0,0,0,0,0,0,0,0,0,0,0,0,0,0,0,0,0,0,6,5,1,2
"Hrycak, Arthur","Rensselaer","2025","Freshman","DL",7,0,1,0,0,0,0,0,0,0,0,0,0,0,0,0,0,0,0,0,0,0,0,0,0,0,0,0,0,0,0,0,0,0,0,0,0,0,0,0,0,0,0,1.5,8,0,5,3,1.5,8
"Johnson, Ethan","Rensselaer","2025","Senior","DL",5,0,0,0,0,0,0,0,0,0,0,0,0,0,0,0,0,0,0,0,0,0,0,0,0,0,0,0,0,0,0,0,0,0,0,0,0,0,0,0,0,0,0,1,7,0,6,1,1.5,7
"Mackell, Thomas","Rensselaer","2025","Junior","DL",10,3,0,0,0,0,0,0,0,0,0,0,0,0,0,0,0,0,0,0,0,0,0,0,0,0,0,0,0,0,0,0,0,0,0,0,0,0,0,0,0,0,0,0,0,0,1,5,1,4
"Blum, Tyler","Rensselaer","2025","Sophomore","LB",2,0,0,0,0,0,0,0,0,0,0,0,0,0,0,0,0,0,0,0,0,0,0,0,0,0,0,0,0,0,0,0,0,0,0,0,0,0,0,0,0,0,0,0,0,0,2,3,0,0
"Meadows, Aaron","Rensselaer","2025","Sophomore","DL",8,1,0,0,0,0,0,0,0,0,0,0,0,0,0,0,0,0,0,0,0,0,0,0,0,0,0,0,0,0,0,0,0,0,0,0,0,0,0,0,0,0,0,0,0,0,2,3,0,0
"Ayala, Mason","Rensselaer","2025","Sophomore","DB",6,0,0,0,0,0,0,0,0,0,0,0,0,0,0,0,0,0,0,0,0,0,0,0,0,0,0,0,0,0,0,0,0,0,0,0,0,0,0,0,0,0,0,0,0,0,1,3,0,0
"Speece, Ethan","Rensselaer","2025","Junior","OL",4,0,0,0,0,0,0,0,0,0,0,0,0,0,0,0,0,0,0,0,0,0,0,0,0,0,0,0,0,0,0,0,0,0,0,0,0,0,0,0,0,0,0,0,0,0,1,3,0,0
"Wilmot, Aidan","Rensselaer","2025","Sophomore","LB",2,0,0,0,0,0,0,0,0,0,0,0,0,0,0,0,0,0,0,0,0,0,0,0,0,0,0,0,0,0,0,0,0,0,0,0,0,0,0,0,0,0,0,0,0,0,3,1,0,0
"Dews, West","Rensselaer","2025","Freshman","RB",5,0,1,0,0,0,0,0,0,0,0,0,0,0,0,0,0,0,0,0,0,0,0,0,0,0,0,0,0,0,0,0,0,0,0,0,0,0,0,0,0,0,0,0,0,0,3,0,0,0
"Gray, Hayden","Rensselaer","2025","Senior","K/P",11,0,0,0,0,0,0,0,0,0,0,0,0,0,0,70,4050,9,0,0,0,0,0,0,0,0,0,0,0,0,0,0,0,0,0,0,0,0,0,0,0,0,0,0,0,0,3,0,0,0
"Marinello, Joey","Rensselaer","2025","Sophomore","DB",6,0,0,0,0,0,0,0,0,0,0,0,0,0,0,0,0,0,1,0,0,1,0,0,0,0,0,0,0,0,0,0,0,0,0,0,0,0,0,0,0,0,0,0,0,0,1,2,0,0
"Okafor, Philip","Rensselaer","2025","Senior","DL",2,0,0,0,0,0,0,0,0,0,0,0,0,0,0,0,0,0,0,0,0,0,0,0,0,0,0,0,0,0,0,0,0,0,0,0,0,0,0,0,0,0,0,0,0,0,2,1,0,0
"Clark, Alex","Rensselaer","2025","Junior","DB",3,0,0,0,0,0,0,0,0,0,0,0,0,0,0,0,0,0,0,0,0,0,0,0,0,0,0,0,0,0,0,0,0,0,0,0,0,0,0,0,0,0,0,0,0,0,1,1,0,0
"Fisher, Aaron","Rensselaer","2025","Freshman","DL",6,0,0,0,0,0,0,0,0,0,0,0,0,0,0,0,0,0,0,0,0,0,0,0,0,0,0,0,0,0,0,0,0,0,0,0,0,0,0,0,0,0,0,0,0,0,2,0,0,0
"Guerrier, Nick","Rensselaer","2025","Senior","DL",3,0,0,0,0,0,0,0,0,0,0,0,0,0,0,0,0,0,0,0,0,0,0,0,0,0,0,0,0,0,0,0,0,0,0,0,0,0,0,0,0,0,0,0,0,0,2,0,1,3
"Rivera, Joseph","Rensselaer","2025","Freshman","DB",5,0,0,0,0,0,0,0,0,0,0,0,0,0,0,0,0,0,0,0,0,0,0,0,0,0,0,0,0,0,0,0,0,0,0,0,0,0,0,0,0,0,0,0,0,0,2,0,0,0
"White, RJ","Rensselaer","2025","Sophomore","DB",1,0,0,0,0,0,0,0,0,0,0,0,0,0,0,0,0,0,0,0,0,0,0,0,0,0,0,0,0,0,0,0,0,0,0,0,0,0,0,0,0,0,0,0,0,0,2,0,0,0
"Chappa, Jack","Rensselaer","2025","Sophomore","DL",2,0,0,0,0,0,0,0,0,0,0,0,0,0,0,0,0,0,0,0,0,0,0,0,0,0,0,0,0,0,0,0,0,0,0,0,0,0,0,0,0,0,0,0,0,0,0,1,0,0
"Jackson, Jacob","Rensselaer","2025","Freshman","DB",1,0,0,0,0,0,0,0,0,0,0,0,0,0,0,0,0,0,0,0,0,0,0,0,0,0,0,0,0,0,0,0,0,0,0,0,0,0,0,0,0,0,0,0,0,0,1,0,0,0
"Keeperman, Cameron","Rensselaer","2025","Freshman","DL",1,0,0,0,0,0,0,0,0,0,0,0,0,0,0,0,0,0,0,0,0,0,0,0,0,0,0,0,0,0,0,0,0,0,0,0,0,0,0,0,0,0,0,0,0,0,0,1,0,0
"O'Leary, Ryan","Rensselaer","2025","Junior","LS",10,0,0,0,0,0,0,0,0,0,0,0,0,0,0,0,0,0,0,0,0,0,0,0,0,0,0,0,0,0,0,0,0,0,0,0,0,0,0,0,0,0,0,0,0,0,1,0,0,0
"Maric, Aleksandar","Rensselaer","2025","Senior","K/P",11,0,0,0,0,0,0,0,0,2,2,0,0,0,0,2,130,2,0,0,0,0,0,0,0,0,0,0,0,0,0,0,0,0,0,0,0,0,0,0,0,0,0,0,0,0,0,0,0,0
"Maric, Aleksandar","Rensselaer","2025","Senior","K/P",11,0,0,0,0,1,1,2,2,5,8,2,2,0,0,2,130,2,0,0,0,0,0,0,0,0,0,0,0,0,0,0,0,0,0,0,0,0,0,0,0,0,0,0,0,0,0,0,0,0
"Riccitelli, Christian","Rensselaer","2025","Freshman","QB",1,0,0,0,0,0,0,0,0,0,0,0,0,0,0,0,0,0,0,0,0,0,0,0,0,0,0,0,0,0,0,0,0,0,0,0,0,0,0,0,0,0,0,0,0,0,0,0,0,0
"Burke, Anderson","Rensselaer","2025","Senior","P/K",0,0,0,0,0,0,0,0,0,0,0,0,0,0,0,0,0,0,0,0,0,0,0,0,0,0,0,0,0,0,0,14,28,1131,1,0,0,0,0,0,0,0,0,0,0,0,0,0,0,0
"Kennedy, Brennan","Rensselaer","2025","Freshman","K/P",0,0,0,0,0,0,0,0,0,0,0,0,0,0,0,0,0,0,0,0,0,0,0,0,0,0,0,0,0,0,0,1,5,175,1,0,0,0,0,0,0,0,0,0,0,0,0,0,0,0
"Burke, Anderson","Rensselaer","2025","Senior","P/K",0,0,0,0,0,0,0,0,0,0,0,0,0,0,0,0,0,0,0,0,0,0,0,0,0,0,0,0,0,0,0,1,4,147,0,0,0,0,0,0,0,0,0,0,0,0,0,0,0,0
